,Date,Year,Season,Month,Region,Locality,Sampling,LocxSea,Hostsp,TL,SL,H,W,Sex,Ppon,Lcep,Lmed,Ssp1,Ssp2,Nper,Hspl,Sspa,Dcon,Leco,Agal,Sten,Sobe,Scep,Lput,Spap,Sdim,Smin,Alon,Clon,Dipl,Cont,Gmug,Gzhu,Llle,Lpil,Lkao,Dper,Pbre,Tcla,Timb
1ACK01,2004-05-03,2004,spring,may,Azov,Kerch,1,1ACK,Mc,47,38,NA,888,M,0,6,0,0,0,0,0,1,0,0,0,0,0,0,0,0,0,0,0,0,0,0,0,0,0,0,0,0,0,0,0
1ACK02,2004-05-03,2004,spring,may,Azov,Kerch,1,1ACK,Mc,52,44,NA,1165,M,0,0,0,0,0,0,3,0,85,0,0,310,0,0,0,0,4,0,0,0,0,0,0,0,0,0,0,0,0,0,0
1ACK03,2004-05-03,2004,spring,may,Azov,Kerch,1,1ACK,Mc,48,39,NA,954,M,0,0,0,0,0,0,0,0,0,0,0,0,0,12,0,0,0,0,0,0,0,0,0,0,0,0,0,0,0,0,0
1ACK04,2004-05-03,2004,spring,may,Azov,Kerch,1,1ACK,Mc,52,44,NA,1320,F,0,0,0,0,0,0,1,0,0,0,0,0,0,22,0,0,15,0,0,0,0,0,0,0,0,0,0,0,0,0,0
1ACK05,2004-05-03,2004,spring,may,Azov,Kerch,1,1ACK,Mc,55,46,NA,1535,F,0,0,0,0,0,0,0,0,0,0,0,0,0,10,0,0,5,0,0,0,0,0,0,0,0,0,0,0,0,0,0
1ACK06,2004-05-03,2004,spring,may,Azov,Kerch,1,1ACK,Mc,50,43,NA,1260,F,0,7,0,0,0,0,0,0,1,0,0,7,0,113,0,4,5,0,0,0,0,0,0,0,0,0,0,0,0,0,0
1ACK07,2004-05-03,2004,spring,may,Azov,Kerch,1,1ACK,Mc,48,40,NA,1050,F,0,1,0,0,0,0,2,0,0,0,0,0,0,422,118,0,2,0,0,0,0,0,0,0,0,0,0,0,0,0,0
1ACK08,2004-05-03,2004,spring,may,Azov,Kerch,1,1ACK,Mc,60,51,NA,1895,F,0,0,0,0,0,0,0,0,15,0,0,48,0,276,0,0,0,0,0,0,0,0,0,0,0,0,0,0,0,0,0
1ACK09,2004-05-03,2004,spring,may,Azov,Kerch,1,1ACK,Mc,58,49,NA,1835,F,0,3,0,0,0,0,0,0,0,0,3,0,0,189,0,0,4,0,0,0,0,0,0,0,0,0,0,0,0,0,0
1ACK10,2004-05-05,2004,spring,may,Azov,Kerch,1,1ACK,Mc,49,42,NA,983,F,0,0,0,0,0,0,0,0,0,0,0,0,0,0,21,0,0,0,0,0,0,0,0,0,0,0,0,0,0,0,0
1ACK11,2004-05-05,2004,spring,may,Azov,Kerch,1,1ACK,Mc,48,37,NA,971,F,0,0,0,0,0,0,0,0,0,0,0,0,0,2250,0,0,23,0,0,0,0,0,0,0,0,0,0,0,0,0,0
1ACK12,2004-05-05,2004,spring,may,Azov,Kerch,1,1ACK,Mc,51,41,NA,1248,M,0,0,0,0,0,1,1,0,1,0,0,0,0,61,6,0,0,0,0,0,0,0,0,0,0,0,0,0,0,0,0
1ACK13,2004-05-05,2004,spring,may,Azov,Kerch,1,1ACK,Mc,47,40,NA,994,F,0,1,0,0,0,15,1,0,9,0,0,1,0,73,0,0,96,0,2,0,1,0,0,0,0,0,0,0,0,0,0
1ACK14,2004-05-05,2004,spring,may,Azov,Kerch,1,1ACK,Mc,36,32,NA,383,F,0,3,0,0,0,32,0,0,0,0,1,0,0,700,0,0,0,0,1,0,0,0,0,0,0,0,0,0,0,0,0
1ACK15,2004-05-05,2004,spring,may,Azov,Kerch,1,1ACK,Mc,60,51,NA,1830,M,0,0,0,0,0,0,0,0,0,0,0,0,0,74,0,0,0,0,2,0,0,0,0,0,0,0,0,0,0,0,0
1ACK16,2004-05-05,2004,spring,may,Azov,Kerch,1,1ACK,Mc,54,45,NA,1285,F,0,3,0,0,0,0,0,0,0,0,0,0,0,61,0,0,0,0,0,0,0,11,0,0,0,0,0,0,0,0,0
1ACK17,2004-05-05,2004,spring,may,Azov,Kerch,1,1ACK,Mc,54,46,NA,1265,F,0,0,0,34,0,0,10,0,34,0,0,54,0,72,0,0,0,0,24,0,0,1,0,0,0,0,0,0,0,0,0
1ACK18,2004-05-05,2004,spring,may,Azov,Kerch,1,1ACK,Mc,43,37,NA,656,F,0,13,0,0,0,0,0,0,0,0,0,8,0,0,0,0,106,0,213,0,0,0,0,0,0,0,0,0,0,0,0
1ACK19,2004-05-05,2004,spring,may,Azov,Kerch,1,1ACK,Mc,45,38,NA,853,M,0,16,1,0,0,75,6,0,0,0,22,216,0,135,0,20,8,0,0,0,0,0,0,0,0,0,0,0,0,0,0
1ACK21,2004-05-07,2004,spring,may,Azov,Kerch,1,1ACK,Mc,43,40,NA,1005,F,0,16,0,0,0,0,0,0,64,0,0,57,0,0,0,0,19,0,0,0,0,0,0,0,0,0,0,0,0,0,0
1ACK22,2004-05-07,2004,spring,may,Azov,Kerch,1,1ACK,Mc,50,42,NA,1055,F,45,28,2,0,0,1,1,0,0,0,0,0,0,74,0,0,0,0,0,0,0,0,0,0,0,0,0,0,0,0,0
1ACK23,2004-05-07,2004,spring,may,Azov,Kerch,1,1ACK,Mc,48,41,NA,995,F,0,25,0,0,0,0,3,0,0,0,0,0,0,171,0,0,0,0,0,0,0,0,0,0,0,0,0,0,0,0,0
1ACK24,2004-05-07,2004,spring,may,Azov,Kerch,1,1ACK,Mc,44,37,NA,744,F,3,8,0,0,0,36,0,0,0,0,0,0,0,326,0,0,0,0,0,4,2,0,0,0,0,0,0,0,0,0,0
1ACK25,2004-05-07,2004,spring,may,Azov,Kerch,1,1ACK,Mc,49,40,NA,985,F,0,2,0,0,0,0,50,0,0,0,0,0,0,6,0,0,0,0,0,0,0,0,0,0,0,0,0,0,0,0,0
1ACK26,2004-05-07,2004,spring,may,Azov,Kerch,1,1ACK,Mc,53,45,NA,1495,F,7,0,0,0,0,4,0,0,0,0,0,0,0,34,0,0,4,0,2,0,0,4,0,0,0,0,0,0,0,0,0
1ACK27,2004-05-07,2004,spring,may,Azov,Kerch,1,1ACK,Mc,40,33,NA,618,F,0,2,0,0,0,0,1,0,0,0,1,0,0,85,0,0,0,0,0,0,0,0,0,0,0,0,0,0,0,0,0
1ACK28,2004-05-07,2004,spring,may,Azov,Kerch,1,1ACK,Mc,52,44,NA,1360,F,33,0,0,0,0,0,0,0,0,0,0,0,0,73,0,0,0,0,0,0,0,0,0,0,0,0,0,0,0,0,0
1ACK29,2004-05-07,2004,spring,may,Azov,Kerch,1,1ACK,Mc,53,44,NA,1385,F,0,0,0,0,0,0,0,0,0,0,0,0,0,111,0,0,0,0,0,0,0,0,0,0,0,0,0,0,0,0,0
1ACK30,2004-05-07,2004,spring,may,Azov,Kerch,1,1ACK,Mc,48,40,NA,931,F,1,1,0,0,0,20,0,0,0,0,0,0,0,460,0,0,6,0,0,0,0,0,0,0,0,0,0,0,0,0,0
1ACK31,2004-05-07,2004,spring,may,Azov,Kerch,1,1ACK,Mc,50,42,NA,1060,F,2,0,0,0,0,2,2,0,0,0,0,0,0,537,0,0,0,0,0,0,0,0,0,0,0,0,0,0,0,0,0
1ACK32,2004-05-07,2004,spring,may,Azov,Kerch,1,1ACK,Mc,47,39,NA,944,F,1,2,0,0,0,6,6,0,0,7,3,1,0,0,0,0,12,0,4,0,0,0,0,0,0,0,0,0,0,0,0
1ACK33,2004-05-07,2004,spring,may,Azov,Kerch,1,1ACK,Mc,43,42,NA,794,F,0,69,1,0,0,30,0,0,0,0,0,295,0,0,0,0,0,0,0,0,0,0,0,0,0,0,0,0,0,0,0
2ACK01,august/2004,2004,summer,aug,Azov,Kerch,2,2ACK,Mc,48,41,8,1030,M,30,0,1,0,0,2,0,0,0,0,0,34,0,46,0,0,0,0,894,0,0,0,0,0,0,0,0,0,0,0,0
2ACK02,august/2004,2004,summer,aug,Azov,Kerch,2,2ACK,Mc,51,43,8,1100,M,15,0,0,0,0,0,0,0,0,0,0,0,0,130,0,0,0,0,6,0,0,0,0,0,0,0,0,0,0,0,0
2ACK03,august/2004,2004,summer,aug,Azov,Kerch,2,2ACK,Mc,49,40,8,960,M,0,0,0,0,0,0,0,0,0,0,0,0,0,15,0,0,0,0,11,0,3,0,0,0,0,0,0,0,0,0,0
2ACK04,august/2004,2004,summer,aug,Azov,Kerch,2,2ACK,Mc,45,39,8,1000,M,0,0,1,0,0,0,0,0,0,0,0,0,0,50,0,0,0,0,0,0,0,0,0,0,0,0,0,0,0,0,0
2ACK05,august/2004,2004,summer,aug,Azov,Kerch,2,2ACK,Mc,49,41,8,1020,M,2,0,0,0,0,2,60,0,0,0,0,0,0,0,0,2,0,0,0,0,1,0,0,0,0,0,0,0,0,0,0
2ACK06,august/2004,2004,summer,aug,Azov,Kerch,2,2ACK,Mc,49,42,8,1100,M,6,0,0,0,0,40,0,0,0,0,0,0,0,180,0,3,0,0,0,0,0,0,0,0,0,0,0,0,0,0,0
2ACK07,august/2004,2004,summer,aug,Azov,Kerch,2,2ACK,Mc,24,21,6,170,J,0,0,0,0,0,2,0,0,0,0,0,1,0,25,0,0,0,0,0,0,0,0,0,0,0,0,0,0,0,0,0
2ACK08,august/2004,2004,summer,aug,Azov,Kerch,2,2ACK,Mc,26,22,6,180,J,0,0,0,0,0,0,0,0,0,0,0,1,0,15,0,0,0,0,0,0,0,0,0,0,0,0,0,0,0,0,0
2ACK09,august/2004,2004,summer,aug,Azov,Kerch,2,2ACK,Mc,27,23,6,210,J,0,0,0,0,0,0,0,0,0,0,3,0,0,12,0,1,0,0,3,0,0,0,0,0,0,0,0,0,0,0,0
2ACK10,august/2004,2004,summer,aug,Azov,Kerch,2,2ACK,Mc,27,23,5,140,J,0,0,1,0,0,10,0,0,0,0,0,0,0,3,0,11,17,0,44,0,0,0,0,0,0,0,0,0,0,0,0
2ACK11,august/2004,2004,summer,aug,Azov,Kerch,2,2ACK,Mc,50,42,9,1230,M,0,0,0,0,0,22,0,0,0,0,3,0,0,27,0,0,6,0,0,0,0,0,0,0,0,0,0,0,0,0,0
2ACK12,august/2004,2004,summer,aug,Azov,Kerch,2,2ACK,Mc,28,24,5,150,J,0,0,1,0,0,15,0,0,0,0,0,59,0,1241,0,3,0,0,8,0,0,0,0,0,0,0,0,0,0,0,0
2ACK13,august/2004,2004,summer,aug,Azov,Kerch,2,2ACK,Mc,30,25,6,270,F,0,0,0,0,0,7,0,0,0,0,20,0,0,380,0,3,2,0,0,0,0,0,0,0,0,0,0,0,0,0,0
2ACK14,august/2004,2004,summer,aug,Azov,Kerch,2,2ACK,Mc,35,29,7,600,F,0,0,8,0,0,0,0,0,0,0,0,0,0,7,0,0,4,0,0,0,1,0,0,0,0,0,0,0,0,0,0
2ACK15,august/2004,2004,summer,aug,Azov,Kerch,2,2ACK,Mc,29,24,6,240,J,0,0,0,0,0,25,0,0,0,0,3,0,0,47,0,2,11,0,6,0,0,0,0,0,0,0,0,0,0,0,0
2ACK16,august/2004,2004,summer,aug,Azov,Kerch,2,2ACK,Mc,29,25,6,230,J,0,0,1,0,0,6,0,0,20,0,7,0,0,13,0,0,2,0,0,0,0,0,0,0,0,0,0,0,0,0,0
2ACK17,august/2004,2004,summer,aug,Azov,Kerch,2,2ACK,Mc,30,25,5,250,J,0,0,0,0,0,18,65,0,32,0,0,0,0,33,0,0,25,0,36,0,0,0,0,0,0,0,0,0,0,0,0
2ACK18,august/2004,2004,summer,aug,Azov,Kerch,2,2ACK,Mc,30,25,6,250,J,0,0,0,0,0,7,0,0,0,0,0,0,0,60,0,0,20,0,2,0,0,0,0,0,0,0,0,0,0,0,0
2ACK19,august/2004,2004,summer,aug,Azov,Kerch,2,2ACK,Mc,35,30,7,300,J,0,70,105,0,0,4,32,0,0,0,0,0,0,58,0,1,12,0,0,0,0,0,0,0,0,0,0,0,0,0,0
2ACK20,august/2004,2004,summer,aug,Azov,Kerch,2,2ACK,Mc,29,24,6,240,NA,0,0,0,0,0,18,68,0,0,0,0,0,0,132,0,0,12,8,12,0,0,0,0,0,0,0,0,0,0,0,0
2ACK21,august/2004,2004,summer,aug,Azov,Kerch,2,2ACK,Mc,53,43,10,1800,M,0,0,0,0,0,100,0,0,0,0,0,0,0,400,0,0,25,0,405,0,0,0,0,0,0,0,0,0,0,0,0
2ACK22,august/2004,2004,summer,aug,Azov,Kerch,2,2ACK,Mc,55,45,9,2000,F,0,0,0,0,0,70,0,0,300,0,0,0,0,600,0,0,20,0,23,0,0,0,0,0,0,0,0,0,0,0,0
2ACK23,august/2004,2004,summer,aug,Azov,Kerch,2,2ACK,Mc,48,41,10,1600,J,0,0,0,0,0,50,0,0,0,0,0,0,0,0,0,0,3,0,0,0,0,0,0,0,0,0,0,0,0,0,0
2ACK24,august/2004,2004,summer,aug,Azov,Kerch,2,2ACK,Mc,30,26,7,280,J,0,6,11,1,0,8,0,0,0,0,0,0,0,100,0,0,15,0,1,0,0,0,0,0,0,0,0,0,0,0,0
2ACK25,august/2004,2004,summer,aug,Azov,Kerch,2,2ACK,Mc,30,25,6,240,J,0,0,0,0,0,0,0,0,0,0,0,0,0,20,0,0,0,0,16,0,0,0,0,0,0,0,0,0,0,0,0
2ACK26,august/2004,2004,summer,aug,Azov,Kerch,2,2ACK,Mc,30,28,6,210,J,0,0,0,0,0,3,0,0,0,0,0,0,0,0,0,0,0,0,10,0,0,0,0,0,0,0,0,0,0,0,0
2ACK27,august/2004,2004,summer,aug,Azov,Kerch,2,2ACK,Mc,31,26,7,290,J,0,0,0,0,0,5,0,0,0,0,0,0,0,5,0,2,0,0,22,0,0,0,0,0,0,0,0,0,0,0,0
2ACK28,august/2004,2004,summer,aug,Azov,Kerch,2,2ACK,Mc,30,25,6,220,J,0,0,0,0,0,0,0,0,0,0,0,0,0,10,0,0,0,0,3,0,0,0,0,0,0,0,0,0,0,0,0
3ACK01,2005-06-23,2005,summer,jun,Azov,Kerch,3,3ACK,Mc,63,52,11,2065,F,400,1,0,0,0,42,1,0,0,1,0,0,0,532,0,0,6,33,0,0,0,0,0,0,0,0,0,0,0,0,0
3ACK02,2005-06-23,2005,summer,jun,Azov,Kerch,3,3ACK,Mc,65,49,11,1920,F,19,0,0,0,0,31,0,0,4,0,0,4,0,1778,0,1,4,3,0,0,0,0,0,0,0,0,0,0,0,0,0
3ACK03,2005-06-23,2005,summer,jun,Azov,Kerch,3,3ACK,Mc,59,49,11,1825,F,0,0,0,0,0,48,0,0,0,0,0,16,0,91,0,22,23,0,39,0,0,0,0,0,0,0,0,0,0,0,0
3ACK04,2005-06-23,2005,summer,jun,Azov,Kerch,3,3ACK,Mc,61,51,10,1855,F,133,0,0,0,0,30,0,0,0,0,0,23,0,280,0,0,16,171,0,0,0,0,0,0,0,0,0,0,0,0,0
3ACK05,2005-06-23,2005,summer,jun,Azov,Kerch,3,3ACK,Mc,59,49,10,1740,F,158,0,0,0,0,37,0,0,7,0,0,14,1,933,0,0,9,0,0,0,0,0,0,0,0,0,0,0,0,0,0
3ACK06,2005-06-24,2005,summer,jun,Azov,Kerch,3,3ACK,Mc,48,39,7,900,M,0,0,0,0,0,1,0,0,0,0,0,4,0,25,0,8,49,0,0,0,0,0,0,0,0,0,0,0,0,0,0
3ACK07,2005-06-24,2005,summer,jun,Azov,Kerch,3,3ACK,Mc,49,36,7,480,J,0,0,1,0,0,0,0,0,0,0,0,0,0,0,0,0,10,0,1,0,0,0,0,0,0,0,0,0,0,0,0
3ACK08,2005-06-26,2005,summer,jun,Azov,Kerch,3,3ACK,Mc,43,34,7,601,F,6,11,28,0,0,0,10,0,0,0,0,4,0,223,0,0,6,0,13,0,0,0,0,0,0,0,0,0,0,0,0
3ACK09,2005-06-27,2005,summer,jun,Azov,Kerch,3,3ACK,Mc,38,32,7,608,F,1,5,3,0,0,0,0,0,0,0,1,0,0,225,0,8,0,0,0,0,0,0,0,0,0,0,0,0,0,0,0
3ACK10,2005-06-27,2005,summer,jun,Azov,Kerch,3,3ACK,Mc,45,37,8,887,M,52,34,17,0,0,0,0,0,124,0,0,0,1,0,0,0,2,0,0,0,0,0,0,0,0,0,0,0,0,0,0
3ACK11,2005-06-27,2005,summer,jun,Azov,Kerch,3,3ACK,Mc,48,40,7,1075,F,1,152,5,0,0,1,115,0,7,0,0,108,0,497,0,0,0,165,0,0,0,0,0,0,0,0,0,0,0,0,0
3ACK12,2005-06-27,2005,summer,jun,Azov,Kerch,3,3ACK,Mc,46,37,8,929,M,13,1,0,0,0,0,0,0,0,2,4,0,10,3,0,2,0,0,0,1,0,0,0,0,0,0,0,0,0,0,0
3ACK13,2005-06-27,2005,summer,jun,Azov,Kerch,3,3ACK,Mc,49,41,7,1060,M,3,0,0,0,0,24,2,0,0,0,0,0,4,632,0,19,0,7,28,0,0,0,0,0,0,0,0,0,0,0,0
3ACK14,2005-06-27,2005,summer,jun,Azov,Kerch,3,3ACK,Mc,49,40,8,1065,M,1,78,0,0,0,2,0,0,3,0,0,0,0,75,0,0,0,0,0,0,0,0,0,0,0,0,0,0,0,0,0
3ACK15,2005-06-27,2005,summer,jun,Azov,Kerch,3,3ACK,Mc,49,41,8,1155,M,7,0,0,0,0,55,8,0,60,0,2,22,0,0,0,0,36,0,2,0,0,0,0,0,0,0,0,0,0,0,0
3ACK16,2005-06-27,2005,summer,jun,Azov,Kerch,3,3ACK,Mc,47,38,7,960,M,0,0,0,0,0,0,4,0,0,0,0,0,0,1,0,0,2,21,16,0,0,0,0,0,0,0,0,0,0,0,0
3ACK17,2005-06-27,2005,summer,jun,Azov,Kerch,3,3ACK,Mc,48,40,8,1045,M,0,0,0,0,0,0,96,0,0,0,3,0,0,17,0,0,24,8,0,0,0,0,0,0,0,0,0,0,0,0,0
3ACK18,2005-06-27,2005,summer,jun,Azov,Kerch,3,3ACK,Mc,55,41,8,1130,NA,0,0,0,0,0,0,0,0,0,0,0,0,0,318,0,0,0,0,1,0,0,0,0,0,0,0,0,0,0,0,0
3ACK19,2005-06-28,2005,summer,jun,Azov,Kerch,3,3ACK,Mc,53,43,8,1180,M,0,75,9,0,0,6,35,0,1,0,0,12,0,913,0,40,0,5,4,0,0,0,0,0,0,0,0,0,0,0,0
3ACK20,2005-06-28,2005,summer,jun,Azov,Kerch,3,3ACK,Mc,53,42,8,1190,F,0,3,0,0,0,22,0,0,0,0,0,0,0,55,0,9,27,4,71,0,0,0,0,0,0,0,0,0,0,0,0
3ACK21,2005-06-28,2005,summer,jun,Azov,Kerch,3,3ACK,Mc,50,41,7,1020,M,1,0,0,0,0,0,10,0,0,0,3,3,0,25,0,0,0,0,28,0,0,0,0,0,0,0,0,0,0,0,0
3ACK22,2005-06-28,2005,summer,jun,Azov,Kerch,3,3ACK,Mc,48,40,8,1130,F,0,9,2,0,0,0,1,0,0,2,0,0,0,7,0,0,2,0,3,0,0,0,0,0,0,0,0,0,0,0,0
3ACK23,2005-06-28,2005,summer,jun,Azov,Kerch,3,3ACK,Mc,48,39,7,902,M,16,12,0,0,0,8,0,0,3,0,0,0,0,182,0,1,0,0,375,0,0,1,0,0,0,0,0,0,0,0,0
3ACK24,2005-06-28,2005,summer,jun,Azov,Kerch,3,3ACK,Mc,43,35,7,695,M,0,0,0,0,0,2,0,0,0,0,2,0,0,1,0,0,0,0,7,0,0,0,0,0,0,0,0,0,0,0,0
3ACK25,2005-06-28,2005,summer,jun,Azov,Kerch,3,3ACK,Mc,49,40,8,911,F,36,0,0,0,0,0,0,0,0,0,38,0,0,5,0,0,3,0,108,0,0,0,0,0,0,0,0,0,0,0,0
3ACK26,2005-06-28,2005,summer,jun,Azov,Kerch,3,3ACK,Mc,48,39,8,815,M,0,0,0,0,0,3,6,0,8,0,7,0,12,72,0,0,1,0,0,0,0,0,0,0,0,0,0,0,0,0,0
3ACK27,2005-06-28,2005,summer,jun,Azov,Kerch,3,3ACK,Mc,50,41,8,935,M,0,3,1,0,0,0,6,0,0,0,0,0,1,5,0,0,1,0,0,0,0,0,0,0,0,0,0,0,0,0,0
3ACK30,2005-07-01,2005,summer,jul,Azov,Kerch,3,3ACK,Mc,28,23,NA,180,M,0,1,0,0,0,4,0,0,0,0,0,0,0,0,0,0,2,45,15,0,0,0,0,0,0,0,0,0,0,0,0
3ACK31,2005-07-01,2005,summer,jul,Azov,Kerch,3,3ACK,Mc,43,36,7,742,M,0,1,0,0,0,0,0,0,0,0,1,0,0,10,0,0,0,0,0,0,0,0,0,0,0,0,0,0,0,0,0
3ACK32,2005-07-01,2005,summer,jul,Azov,Kerch,3,3ACK,Mc,44,37,7,821,M,2,39,0,0,0,1,3,0,0,0,0,0,13,15,0,0,1,0,18,0,0,0,0,0,0,0,0,0,0,0,0
3ACK33,2005-07-01,2005,summer,jul,Azov,Kerch,3,3ACK,Mc,40,34,7,669,M,0,24,3,0,0,0,0,0,0,0,0,0,2,35,0,1,1,0,1,0,0,0,0,0,0,0,0,0,0,0,0
3ACK34,2005-07-01,2005,summer,jul,Azov,Kerch,3,3ACK,Mc,44,37,8,791,M,7,284,5,0,0,1,3,0,0,0,0,0,0,391,0,0,2,0,3,0,0,0,0,0,0,0,0,0,0,0,0
4BCB01,september-november/2005,2005,fall,NA,Black,Balaklava,4,4BCB,Mc,46,38,8,880,F,0,2,3,0,0,2,3,0,0,0,0,0,0,19,0,0,6,0,0,0,0,0,0,0,0,0,0,0,0,0,0
4BCB02,september-november/2005,2005,fall,NA,Black,Balaklava,4,4BCB,Mc,48,37,8,986,F,0,20,36,0,0,4,43,0,0,0,0,0,0,35,0,0,2,0,6,0,0,1,0,0,0,0,0,0,0,0,0
4BCB03,september-november/2005,2005,fall,NA,Black,Balaklava,4,4BCB,Mc,48,41,9,1005,F,0,43,9,0,0,3,0,0,0,0,0,0,0,34,0,0,0,0,1,0,0,0,0,0,0,0,0,0,0,0,0
4BCB04,september-november/2005,2005,fall,NA,Black,Balaklava,4,4BCB,Mc,46,40,8,796,F,0,102,64,0,0,6,23,0,0,0,0,0,0,2,0,0,11,0,12,0,0,0,0,0,0,0,0,0,0,0,0
4BCB05,september-november/2005,2005,fall,NA,Black,Balaklava,4,4BCB,Mc,49,43,9,1157,NA,0,2,1,0,0,1,3,0,0,0,0,1,2,3,0,0,1,0,1,0,0,0,0,0,0,0,0,0,0,0,0
4BCB06,september-november/2005,2005,fall,NA,Black,Balaklava,4,4BCB,Mc,48,42,8,860,F,0,5,0,0,0,0,2,0,0,0,0,0,1,305,0,0,2,0,9,0,0,0,0,0,0,0,0,0,0,0,0
4BCB07,september-november/2005,2005,fall,NA,Black,Balaklava,4,4BCB,Mc,44,38,8,762,M,0,42,12,0,0,0,93,0,0,0,0,0,0,22,0,0,5,0,0,0,0,0,0,0,0,0,0,0,0,0,0
4BCB08,september-november/2005,2005,fall,NA,Black,Balaklava,4,4BCB,Mc,48,40,8,1050,M,0,3,0,0,0,1,30,0,0,0,0,0,0,168,0,0,0,0,600,0,0,0,0,0,0,0,0,0,0,0,0
4BCB09,september-november/2005,2005,fall,NA,Black,Balaklava,4,4BCB,Mc,50,44,9,1305,F,0,9,0,0,0,2,7,0,0,0,0,0,0,7,0,0,0,0,3,0,0,0,0,0,0,0,0,0,0,0,0
4BCB10,september-november/2005,2005,fall,NA,Black,Balaklava,4,4BCB,Mc,48,43,8,902,F,0,31,10,0,0,0,0,0,0,0,0,0,0,1,0,0,0,0,63,0,0,0,0,0,0,0,0,0,0,0,0
4BCB11,september-november/2005,2005,fall,NA,Black,Balaklava,4,4BCB,Mc,48,42,8,893,F,0,3,4,0,0,0,9,0,0,0,0,0,0,222,0,0,1,0,6,0,0,0,0,0,0,0,0,0,0,0,0
4BCB12,september-november/2005,2005,fall,NA,Black,Balaklava,4,4BCB,Mc,46,39,8,1096,M,0,7,1,0,0,0,26,0,0,0,0,0,0,1,0,1,0,1,3,0,0,0,0,0,0,0,0,0,0,0,0
4BCB13,september-november/2005,2005,fall,NA,Black,Balaklava,4,4BCB,Mc,50,43,9,1140,F,0,68,17,0,0,7,45,0,0,0,0,0,0,0,0,0,2,0,11,0,0,0,0,0,0,0,0,0,0,0,0
4BCB14,september-november/2005,2005,fall,NA,Black,Balaklava,4,4BCB,Mc,49,43,9,1230,F,0,9,19,0,0,43,51,0,0,0,0,0,0,1,0,6,1,1,7,0,0,0,0,0,0,0,0,0,0,0,0
4BCB15,september-november/2005,2005,fall,NA,Black,Balaklava,4,4BCB,Mc,50,41,10,1325,NA,0,20,27,0,0,10,0,0,0,0,0,0,0,75,0,0,12,0,3,0,0,0,0,0,0,0,0,0,0,0,0
4BCB16,september-november/2005,2005,fall,NA,Black,Balaklava,4,4BCB,Mc,45,37,8,907,M,0,1,0,0,0,2,12,0,0,0,0,0,0,49,0,1,0,4,3,0,0,0,0,0,0,0,0,0,0,0,0
4BCB17,september-november/2005,2005,fall,NA,Black,Balaklava,4,4BCB,Mc,50,42,9,1280,F,0,0,0,0,0,0,22,0,0,0,0,0,0,0,0,0,3,0,5,0,0,0,0,0,0,0,0,0,0,0,0
4BCB18,september-november/2005,2005,fall,NA,Black,Balaklava,4,4BCB,Mc,48,39,9,903,M,0,2,0,0,0,0,1,0,0,0,0,0,0,9,0,0,2,0,1,0,0,0,0,0,0,0,0,0,0,0,0
4BCB19,september-november/2005,2005,fall,NA,Black,Balaklava,4,4BCB,Mc,32,24,8,600,F,0,70,60,0,0,1,8,0,0,0,0,0,0,46,2,1,0,0,1,0,0,0,0,0,0,0,0,0,0,0,0
4BCB20,september-november/2005,2005,fall,NA,Black,Balaklava,4,4BCB,Mc,44,35,8,800,NA,0,18,7,0,0,5,5,0,0,0,0,0,0,8,0,0,0,0,4,0,0,0,0,0,0,0,0,0,0,0,0
4BCB21,september-november/2005,2005,fall,NA,Black,Balaklava,4,4BCB,Mc,37,31,7,525,M,0,0,0,2,0,20,1,0,3,0,3,0,0,58,0,0,3,0,2,0,0,0,0,0,0,0,0,0,0,0,0
4BCB22,september-november/2005,2005,fall,NA,Black,Balaklava,4,4BCB,Mc,46,40,9,1050,NA,0,3,4,0,0,0,7,0,0,0,0,0,0,102,0,1,0,0,0,0,0,0,0,0,0,0,0,0,0,0,0
4BCB23,september-november/2005,2005,fall,NA,Black,Balaklava,4,4BCB,Mc,44,36,8,1015,NA,0,18,4,0,0,0,6,0,0,0,0,0,0,2,0,0,3,0,1,0,0,0,0,0,0,0,0,0,0,0,0
4BCB24,september-november/2005,2005,fall,NA,Black,Balaklava,4,4BCB,Mc,51,42,9,1220,F,0,4,0,0,0,0,8,0,0,0,0,0,0,18,0,0,4,0,13,0,0,0,0,0,0,0,0,0,0,0,0
4BCB25,september-november/2005,2005,fall,NA,Black,Balaklava,4,4BCB,Mc,49,41,8,1110,NA,0,0,6,0,0,0,3,0,0,0,0,0,0,1,0,1,0,2,0,0,0,0,0,0,0,0,0,0,0,0,0
4BCB26,september-november/2005,2005,fall,NA,Black,Balaklava,4,4BCB,Mc,50,42,9,1200,F,0,80,27,0,0,2,32,0,0,0,0,0,0,0,0,0,2,0,5,0,0,0,0,0,0,0,0,0,0,0,0
4BCB27,september-november/2005,2005,fall,NA,Black,Balaklava,4,4BCB,Mc,50,41,8,1150,F,0,44,14,0,0,8,562,0,0,0,0,0,0,2,0,0,0,0,7,0,0,0,0,0,0,0,0,0,0,0,0
4BCB28,september-november/2005,2005,fall,NA,Black,Balaklava,4,4BCB,Mc,36,31,8,618,F,1,2,0,0,1,21,0,0,0,0,0,0,0,17,0,0,0,0,0,0,0,0,0,0,0,0,0,0,0,0,0
4BCB29,september-november/2005,2005,fall,NA,Black,Balaklava,4,4BCB,Mc,41,35,7,420,M,0,22,20,0,0,4,2,0,0,0,0,0,0,0,0,0,2,0,0,0,0,0,0,0,0,0,0,0,0,0,0
4BCB30,september-november/2005,2005,fall,NA,Black,Balaklava,4,4BCB,Mc,37,31,8,428,M,0,0,1,0,0,11,0,0,0,0,0,0,0,9,0,0,0,0,13,0,0,0,0,0,0,0,0,0,0,0,0
1ACS01,september/2004,2004,fall,sep,Azov,Sivash,1,1ACS,Mc,45,38,9,1050,NA,0,3,3,0,0,2,0,0,63,0,36,121,0,0,0,0,0,0,0,0,0,0,0,0,0,0,0,0,0,0,0
1ACS02,september/2004,2004,fall,sep,Azov,Sivash,1,1ACS,Mc,48,41,10,1160,F,2,4,8,0,0,2,2,0,10,0,0,0,0,0,0,6,0,0,0,0,0,0,0,0,0,0,0,0,0,0,0
1ACS03,september/2004,2004,fall,sep,Azov,Sivash,1,1ACS,Mc,50,43,9,1225,F,3,4,23,0,0,16,2,5,2,0,0,1,0,7,0,0,1,0,7,0,0,0,0,0,0,0,0,0,0,0,0
1ACS04,september/2004,2004,fall,sep,Azov,Sivash,1,1ACS,Mc,50,42,9,1330,J,0,0,4,0,0,0,0,0,6,0,0,0,0,0,29,3,1,0,0,0,0,0,0,0,0,0,0,0,0,0,0
1ACS05,september/2004,2004,fall,sep,Azov,Sivash,1,1ACS,Mc,48,41,9,1195,F,0,0,3,0,0,8,4,0,13,0,0,164,0,0,0,107,11,0,0,0,0,0,0,0,0,0,0,0,0,0,0
1ACS06,september/2004,2004,fall,sep,Azov,Sivash,1,1ACS,Mc,46,39,8,936,F,0,0,3,0,0,0,7,0,24,0,0,18,0,0,0,15,1,0,2,0,0,0,0,0,0,0,0,0,0,0,0
1ACS07,september/2004,2004,fall,sep,Azov,Sivash,1,1ACS,Mc,47,40,8,1045,M,0,231,19,0,0,2,0,0,0,0,0,0,0,1,0,2,0,0,0,2,0,0,0,0,0,0,0,0,0,0,0
1ACS08,september/2004,2004,fall,sep,Azov,Sivash,1,1ACS,Mc,51,43,10,1400,F,0,5,3,0,0,4,1,0,0,0,0,0,0,0,0,0,13,8,0,0,0,0,0,0,0,0,0,0,0,0,0
1ACS09,september/2004,2004,fall,sep,Azov,Sivash,1,1ACS,Mc,49,42,9,1250,F,0,5,2,0,0,3,24,0,0,0,0,22,1,0,0,3,5,0,0,0,0,0,0,0,0,0,0,0,0,0,0
1ACS10,september/2004,2004,fall,sep,Azov,Sivash,1,1ACS,Mc,51,43,10,1490,F,0,1,1,0,0,2,0,0,0,0,0,21,0,0,0,0,2,0,0,0,0,0,0,0,0,0,0,0,0,0,0
1ACS11,september/2004,2004,fall,sep,Azov,Sivash,1,1ACS,Mc,47,40,9,1060,F,0,33,3,0,0,3,12,0,0,0,0,0,0,156,0,0,0,0,36,0,0,0,0,0,0,0,0,0,0,0,0
1ACS12,september/2004,2004,fall,sep,Azov,Sivash,1,1ACS,Mc,50,43,9,1280,J,0,0,1,0,0,0,3,0,0,0,0,11,0,0,0,0,0,0,0,0,0,0,0,0,0,0,0,0,0,0,0
1ACS13,september/2004,2004,fall,sep,Azov,Sivash,1,1ACS,Mc,49,42,10,1335,J,0,0,5,0,0,0,0,0,0,0,0,9,0,0,0,0,1,0,0,0,0,0,0,0,0,0,0,0,0,0,0
1ACS14,september/2004,2004,fall,sep,Azov,Sivash,1,1ACS,Mc,48,40,9,1200,F,2,4,7,0,0,0,10,0,0,0,0,10,0,0,0,0,0,0,0,0,0,0,0,0,0,0,0,0,0,0,0
1ACS15,september/2004,2004,fall,sep,Azov,Sivash,1,1ACS,Mc,48,41,9,1089,F,0,7,2,0,0,1,15,0,18,0,0,0,0,25,0,0,0,0,243,0,0,0,0,0,0,0,0,0,0,0,0
1ACS16,september/2004,2004,fall,sep,Azov,Sivash,1,1ACS,Mc,46,39,8,1090,J,0,7,1,0,0,2,18,0,0,0,0,1,0,0,0,1,0,0,0,0,0,0,0,0,0,0,0,0,0,0,0
1ACS17,september/2004,2004,fall,sep,Azov,Sivash,1,1ACS,Mc,47,40,9,1060,M,0,16,7,0,0,7,8,0,0,0,1,0,0,10,0,3,1,0,0,0,0,0,0,0,0,0,0,0,0,0,0
1ACS18,september/2004,2004,fall,sep,Azov,Sivash,1,1ACS,Mc,46,38,9,1050,NA,0,67,3,0,0,5,29,0,8,0,0,45,0,364,0,0,0,0,0,0,0,0,0,0,0,0,0,0,0,0,0
1ACS19,september/2004,2004,fall,sep,Azov,Sivash,1,1ACS,Mc,46,39,7,1020,F,0,224,47,0,0,3,139,0,1,0,0,4,0,13,0,0,58,0,0,0,0,0,0,0,0,0,0,0,0,0,0
1ACS20,september/2004,2004,fall,sep,Azov,Sivash,1,1ACS,Mc,46,39,9,1190,F,0,2,8,0,0,13,3,0,1,0,0,5,0,0,0,11,0,0,0,0,0,0,0,0,0,0,0,0,0,0,0
1ACS21,september/2004,2004,fall,sep,Azov,Sivash,1,1ACS,Mc,44,37,8,1145,M,0,1,4,1,0,1,0,0,0,0,0,2,0,9,0,18,4,0,1,0,0,0,0,0,0,0,0,0,0,0,0
1ACS22,september/2004,2004,fall,sep,Azov,Sivash,1,1ACS,Mc,47,40,9,1145,F,0,0,4,0,0,0,0,0,119,0,0,12,0,0,0,25,7,0,0,0,0,0,0,0,0,0,0,0,0,0,0
1ACS23,september/2004,2004,fall,sep,Azov,Sivash,1,1ACS,Mc,50,42,9,1280,F,0,3,5,0,0,4,3,0,0,0,0,10,0,0,0,1,3,0,0,0,0,0,0,0,0,0,0,0,0,0,0
1ACS24,september/2004,2004,fall,sep,Azov,Sivash,1,1ACS,Mc,49,41,9,1130,F,2,5,10,0,0,8,0,0,0,0,0,0,0,3,0,32,7,0,3,0,0,0,0,0,0,0,0,0,0,0,0
1ACS25,september/2004,2004,fall,sep,Azov,Sivash,1,1ACS,Mc,46,38,7,1060,J,0,2,6,0,0,10,0,0,2,0,0,0,0,0,0,0,0,0,0,0,0,0,0,0,0,0,0,0,0,0,0
1ACS26,september/2004,2004,fall,sep,Azov,Sivash,1,1ACS,Mc,49,42,9,1270,M,86,4,10,0,0,0,108,0,0,0,0,0,0,328,0,36,0,0,0,0,0,0,0,0,0,0,0,0,0,0,0
1ACS27,september/2004,2004,fall,sep,Azov,Sivash,1,1ACS,Mc,41,35,8,692,NA,0,7,3,0,0,0,10,0,2,0,0,4,0,24,0,1,0,0,0,0,0,0,0,0,0,0,0,0,0,0,0
1ACS28,september/2004,2004,fall,sep,Azov,Sivash,1,1ACS,Mc,48,41,8,1135,F,0,5,10,0,0,7,1,0,0,0,0,0,2,0,0,23,7,0,0,0,0,0,0,0,0,0,0,0,0,0,0
1ACS29,september/2004,2004,fall,sep,Azov,Sivash,1,1ACS,Mc,44,37,8,865,M,1,11,5,0,0,3,1,0,0,0,2,4,0,0,0,20,2,0,0,0,0,0,0,0,0,0,0,0,0,0,0
1ACS30,september/2004,2004,fall,sep,Azov,Sivash,1,1ACS,Mc,48,42,9,1145,NA,0,0,0,0,0,0,1,0,0,0,0,0,0,1,0,0,0,0,0,0,0,0,0,0,0,0,0,0,0,0,0
2ACS01,2011-10-23,2011,fall,oct,Azov,Sivash,2,2ACS,Mc,29,24,5,236,NA,0,2,1,0,0,0,0,0,0,0,0,0,0,3,0,0,0,0,0,0,0,0,0,0,0,0,0,0,0,0,0
2ACS03,2011-10-23,2011,fall,oct,Azov,Sivash,2,2ACS,Mc,34,28,7,394,NA,0,7,3,0,0,17,0,0,0,0,0,0,0,0,0,0,0,0,0,0,0,0,0,0,0,0,0,0,0,0,0
2ACS04,2011-10-23,2011,fall,oct,Azov,Sivash,2,2ACS,Mc,28,22,5,197,NA,0,30,15,2,0,7,0,0,0,0,0,0,0,0,0,0,0,0,0,0,0,0,0,0,0,0,0,0,0,0,0
2ACS05,2011-10-23,2011,fall,oct,Azov,Sivash,2,2ACS,Mc,40,33,8,604,NA,0,70,32,0,0,19,124,0,0,0,1,0,2,10,0,0,0,0,0,0,0,0,0,0,0,0,0,0,0,0,0
2ACS06,2011-10-23,2011,fall,oct,Azov,Sivash,2,2ACS,Mc,35,28,8,505,NA,0,370,130,0,0,1,3,0,0,0,0,0,4,79,0,0,0,0,0,0,0,0,0,0,0,0,0,0,0,0,0
2ACS07,2011-10-23,2011,fall,oct,Azov,Sivash,2,2ACS,Mc,32,27,7,424,NA,0,0,0,0,0,0,19,0,0,3,99,0,5,16,0,0,0,0,0,0,0,0,0,0,0,0,0,0,0,0,0
2ACS08,2011-10-23,2011,fall,oct,Azov,Sivash,2,2ACS,Mc,33,27,6,349,NA,0,0,0,0,0,0,27,0,0,0,1,0,0,24,0,0,0,0,0,0,0,0,0,0,0,0,0,0,0,0,0
2ACS09,2011-10-23,2011,fall,oct,Azov,Sivash,2,2ACS,Mc,35,27,7,437,NA,0,0,0,0,0,0,33,0,0,0,0,0,0,0,0,0,0,0,0,0,0,0,0,0,0,0,0,0,0,0,0
2ACS10,2011-10-23,2011,fall,oct,Azov,Sivash,2,2ACS,Mc,31,26,6,327,M,0,2,2,0,0,4,0,0,0,0,0,0,0,0,0,0,0,0,0,0,0,0,0,0,0,0,0,0,0,0,0
2ACS11,2011-10-23,2011,fall,oct,Azov,Sivash,2,2ACS,Mc,30,25,6,246,M,0,0,0,0,0,1,0,0,0,0,0,1,0,14,0,0,0,0,0,0,0,0,0,0,0,0,0,0,0,0,0
2ACS12,2011-10-23,2011,fall,oct,Azov,Sivash,2,2ACS,Mc,29,24,6,241,J,0,0,0,0,0,0,0,0,0,0,0,0,0,0,0,0,0,0,7,0,0,0,0,0,0,0,0,0,0,0,0
2ACS13,2011-10-23,2011,fall,oct,Azov,Sivash,2,2ACS,Mc,30,27,7,286,J,0,0,0,0,0,0,0,0,0,0,0,3,8,53,0,0,0,0,1,0,0,0,0,0,0,0,0,0,0,0,0
2ACS14,2011-10-23,2011,fall,oct,Azov,Sivash,2,2ACS,Mc,31,27,8,340,J,0,0,0,0,0,3,0,0,0,0,0,0,0,4,0,0,0,0,0,0,0,0,0,0,0,0,0,0,0,0,0
2ACS15,2011-10-23,2011,fall,oct,Azov,Sivash,2,2ACS,Mc,27,23,6,175,J,0,0,0,0,0,0,2,0,1,0,2,0,3,51,0,0,0,0,0,0,0,0,0,0,0,0,0,0,0,0,0
2ACS16,2011-10-23,2011,fall,oct,Azov,Sivash,2,2ACS,Mc,32,26,7,333,J,0,0,0,0,0,0,0,0,0,0,15,0,0,1,0,0,0,0,0,0,0,0,0,0,0,0,0,0,0,0,0
2ACS17,2011-10-23,2011,fall,oct,Azov,Sivash,2,2ACS,Mc,30,25,6,289,M,0,1,0,0,0,1,0,0,0,0,0,0,0,18,0,0,0,0,17,0,0,0,0,0,0,0,0,0,0,0,0
2ACS18,2011-10-23,2011,fall,oct,Azov,Sivash,2,2ACS,Mc,32,27,6,401,M,0,0,0,0,0,27,1,0,4,0,0,0,6,22,0,0,0,0,7,0,0,0,0,0,0,0,0,0,0,0,0
2ACS19,2011-10-23,2011,fall,oct,Azov,Sivash,2,2ACS,Mc,32,27,6,379,M,0,0,0,0,0,0,0,0,0,0,0,2,0,28,0,0,0,0,1,0,0,0,0,0,0,0,0,0,0,0,0
3ACS01,2013-05-07,2013,spring,may,Azov,Sivash,3,3ACS,Mc,47,40,9,1025,F,0,7,0,0,0,39,35,0,0,0,0,15,0,304,6,0,0,0,0,0,0,0,0,0,0,0,0,0,0,0,0
3ACS02,2013-05-08,2013,spring,may,Azov,Sivash,3,3ACS,Mc,40,35,7,615,M,0,0,0,0,0,4,0,0,5,0,0,5,2,202,5,3,0,0,2,0,0,0,0,0,0,0,0,0,0,0,0
3ACS03,2013-05-08,2013,spring,may,Azov,Sivash,3,3ACS,Mc,42,35,8,703,F,0,5,1,0,0,5,0,0,2,0,0,0,0,23,0,0,18,0,4,0,0,0,0,0,0,0,0,0,0,0,0
3ACS04,2013-05-08,2013,spring,may,Azov,Sivash,3,3ACS,Mc,35,27,6,283,F,0,0,0,0,0,3,80,0,2,0,0,0,5,14,0,0,12,0,20,0,0,1,0,0,0,0,0,0,0,0,0
3ACS05,2013-05-08,2013,spring,may,Azov,Sivash,3,3ACS,Mc,44,38,8,850,NA,0,3,2,0,0,6,9,0,3,0,0,0,0,25,3,2,8,0,11,0,0,0,0,0,0,0,0,0,0,0,0
3ACS06,2013-05-09,2013,spring,may,Azov,Sivash,3,3ACS,Mc,43,37,9,814,M,0,5,1,0,0,0,0,0,0,0,0,0,0,132,0,0,7,0,0,0,0,0,0,0,0,0,0,0,0,0,0
3ACS07,2013-05-09,2013,spring,may,Azov,Sivash,3,3ACS,Mc,46,38,8,873,F,0,8,1,0,0,2,3,0,7,0,0,0,0,6,5,44,16,0,18,0,0,1,0,0,0,0,0,0,0,0,0
3ACS08,2013-05-09,2013,spring,may,Azov,Sivash,3,3ACS,Mc,44,37,8,747,NA,0,3,0,0,0,0,0,0,0,0,0,0,0,0,0,0,0,0,0,0,0,0,0,0,0,0,0,0,0,0,0
3ACS09,2013-05-09,2013,spring,may,Azov,Sivash,3,3ACS,Mc,36,30,6,373,NA,0,1,2,0,0,3,4,0,3,0,0,0,0,85,0,0,3,0,2,0,0,0,0,0,0,0,0,0,0,0,0
3ACS10,2013-05-09,2013,spring,may,Azov,Sivash,3,3ACS,Mc,35,29,6,358,NA,0,6,0,0,0,8,3,0,7,0,0,0,0,56,0,0,9,0,0,0,0,0,0,0,0,0,0,0,0,0,0
3ACS11,2013-05-10,2013,spring,may,Azov,Sivash,3,3ACS,Mc,45,37,7,690,M,6,17,2,0,0,24,0,0,105,0,15,29,9,264,5,0,96,0,0,0,0,0,0,0,0,0,0,0,0,0,0
3ACS12,2013-05-10,2013,spring,may,Azov,Sivash,3,3ACS,Mc,45,38,7,755,M,0,14,1,0,0,1,44,0,2,0,0,0,0,30,0,0,3,0,9,0,0,0,0,0,0,0,0,0,0,0,0
3ACS13,2013-05-11,2013,spring,may,Azov,Sivash,3,3ACS,Mc,40,34,6,513,NA,0,0,0,0,0,2,3,0,0,0,1,0,0,16,0,0,0,0,0,0,0,0,0,0,0,0,0,0,0,0,0
3ACS14,2013-05-11,2013,spring,may,Azov,Sivash,3,3ACS,Mc,32,24,5,264,F,0,3,1,0,0,0,2,0,3,0,0,0,0,15,0,0,1,0,0,0,0,0,0,0,0,0,0,0,0,0,0
3ACS15,2013-05-11,2013,spring,may,Azov,Sivash,3,3ACS,Mc,47,40,8,1040,M,0,5,3,0,0,0,3,0,3,0,0,0,0,63,0,0,0,0,3,0,0,0,0,0,0,0,0,0,0,0,0
1ASK01,2004-05-04,2004,spring,may,Azov,Kerch,1,1ASK,Lh,44,39,NA,704,M,0,0,0,0,0,0,0,0,0,0,1,1,0,0,0,0,0,0,0,0,0,0,4,0,0,4,0,0,0,0,0
1ASK02,2004-05-04,2004,spring,may,Azov,Kerch,1,1ASK,Lh,45,40,NA,811,M,0,0,0,0,0,0,0,0,0,0,0,0,0,0,0,0,0,0,0,0,0,0,3,0,0,4,0,0,0,0,0
1ASK03,2004-05-04,2004,spring,may,Azov,Kerch,1,1ASK,Lh,43,40,NA,829,F,0,0,0,0,0,0,0,0,0,0,0,0,0,0,0,0,0,0,0,0,0,0,0,0,1,0,0,0,0,0,0
1ASK04,2004-05-04,2004,spring,may,Azov,Kerch,1,1ASK,Lh,45,40,NA,927,M,0,0,0,0,0,0,0,0,0,0,0,0,0,0,0,0,0,0,0,0,0,0,0,0,5,23,0,0,0,0,0
1ASK05,2004-05-04,2004,spring,may,Azov,Kerch,1,1ASK,Lh,47,41,NA,900,F,0,0,0,0,0,0,0,0,0,0,0,0,0,0,0,0,0,0,0,0,0,0,0,0,5,11,0,0,0,0,0
1ASK06,2004-05-04,2004,spring,may,Azov,Kerch,1,1ASK,Lh,45,40,NA,919,M,0,0,0,0,0,0,0,0,0,0,0,4,0,0,4,0,0,0,0,0,6,0,0,0,5,11,0,0,0,4,0
1ASK07,2004-05-04,2004,spring,may,Azov,Kerch,1,1ASK,Lh,44,39,NA,885,M,0,0,0,0,0,0,0,0,0,0,0,11,0,0,0,0,0,0,0,0,0,0,0,0,19,19,0,0,0,0,0
1ASK08,2004-05-07,2004,spring,may,Azov,Kerch,1,1ASK,Lh,30,23,NA,233,M,0,0,0,0,0,0,0,0,0,0,0,0,0,0,0,0,0,0,0,0,0,0,0,0,1,1,0,0,0,0,0
1ASK09,2004-05-07,2004,spring,may,Azov,Kerch,1,1ASK,Lh,31,27,NA,305,F,0,0,0,0,0,0,0,0,0,0,0,0,0,0,0,0,0,0,0,0,0,0,0,0,5,15,3,0,0,0,0
1ASK10,2004-05-07,2004,spring,may,Azov,Kerch,1,1ASK,Lh,50,45,NA,1325,F,0,0,0,0,0,0,0,0,0,0,0,0,0,0,0,0,0,0,0,0,0,0,0,0,3,5,0,5,0,0,0
1ASK11,2004-05-07,2004,spring,may,Azov,Kerch,1,1ASK,Lh,50,43,NA,1265,F,0,0,0,0,0,2,0,0,0,0,10,90,0,0,0,0,0,0,0,0,0,0,0,0,8,13,0,90,0,0,0
1ASK12,2004-05-07,2004,spring,may,Azov,Kerch,1,1ASK,Lh,50,44,NA,1200,F,0,0,0,0,0,6,0,0,0,0,0,1,0,0,0,0,0,0,0,0,0,0,0,0,87,48,0,2,0,0,0
1ASK13,2004-05-07,2004,spring,may,Azov,Kerch,1,1ASK,Lh,37,33,NA,523,M,0,0,0,0,0,0,0,0,0,0,0,0,0,0,0,0,0,0,0,0,0,0,0,0,6,31,0,1,0,0,0
1ASK14,2004-05-07,2004,spring,may,Azov,Kerch,1,1ASK,Lh,39,35,NA,574,M,0,0,0,0,0,0,0,0,0,0,0,0,0,0,0,0,0,0,0,0,0,0,0,0,2,0,0,8,0,0,0
1ASK15,2004-05-07,2004,spring,may,Azov,Kerch,1,1ASK,Lh,43,39,NA,822,M,0,0,0,0,0,0,0,0,0,0,0,0,0,0,0,0,0,0,0,0,0,0,1,0,44,18,0,0,0,0,0
1ASK16,2004-05-07,2004,spring,may,Azov,Kerch,1,1ASK,Lh,39,35,NA,489,M,0,0,0,0,0,0,0,0,0,0,0,0,0,0,0,0,0,0,0,0,0,0,0,0,21,71,1,0,0,0,0
1ASK17,2004-05-07,2004,spring,may,Azov,Kerch,1,1ASK,Lh,48,43,NA,777,M,0,0,0,0,0,0,0,0,0,0,0,0,0,0,0,0,0,0,0,0,0,0,0,0,2,66,0,0,0,0,0
1ASK18,2004-05-26,2004,spring,may,Azov,Kerch,1,1ASK,Lh,45,40,NA,966,M,0,0,0,0,0,0,0,0,0,0,0,0,0,0,0,0,0,0,0,0,0,0,0,0,7,14,0,0,0,0,0
1ASK19,2004-06-11,2004,spring,jun,Azov,Kerch,1,1ASK,Lh,34,30,NA,320,J,0,0,0,0,0,1,0,0,0,0,0,0,0,0,0,0,2,0,0,0,8,0,0,0,2,8,0,0,6,0,0
1ASK20,2004-06-11,2004,spring,jun,Azov,Kerch,1,1ASK,Lh,37,33,NA,515,J,0,0,0,0,0,0,0,0,0,0,0,0,0,0,0,0,5,3,0,0,0,0,0,0,6,24,1,2,0,0,0
1ASK21,2004-06-11,2004,spring,jun,Azov,Kerch,1,1ASK,Lh,34,30,NA,250,J,0,0,0,0,0,0,0,0,0,0,0,0,0,0,0,2,0,0,0,0,0,0,0,0,3,8,1,0,0,0,0
1ASK22,2004-06-11,2004,spring,jun,Azov,Kerch,1,1ASK,Lh,34,29,NA,230,J,0,0,0,0,0,0,0,0,0,0,0,8,0,0,0,0,10,0,0,0,1,0,0,0,1,4,0,7,0,0,0
1ASK23,2004-06-11,2004,spring,jun,Azov,Kerch,1,1ASK,Lh,35,32,NA,390,J,0,0,0,0,0,0,0,0,0,0,0,0,0,0,0,0,0,0,0,0,0,0,0,0,6,33,0,0,0,0,0
1ASK24,2004-06-11,2004,spring,jun,Azov,Kerch,1,1ASK,Lh,34,30,NA,320,J,0,0,0,0,0,1,0,0,0,0,0,3,0,0,0,0,0,6,0,0,0,0,0,0,1,6,0,0,0,0,0
1ASK25,2004-06-11,2004,spring,jun,Azov,Kerch,1,1ASK,Lh,33,29,NA,230,J,0,0,0,0,0,1,0,0,0,0,0,0,0,0,0,3,7,0,0,0,0,0,0,0,0,4,0,0,0,0,0
1ASK26,2004-06-17,2004,spring,jun,Azov,Kerch,1,1ASK,Lh,64,57,NA,2250,F,0,0,0,0,0,0,0,0,0,0,0,19,0,0,1,0,0,0,0,0,0,0,1500,53,5,15,0,0,0,0,0
1ASK27,2004-06-17,2004,spring,jun,Azov,Kerch,1,1ASK,Lh,48,43,NA,900,F,0,0,0,0,0,0,0,0,0,0,0,0,0,0,0,0,14,0,0,0,0,0,0,0,3,8,0,0,0,0,0
1ASK28,2004-06-17,2004,spring,jun,Azov,Kerch,1,1ASK,Lh,52,46,NA,1400,F,0,0,0,0,0,8,0,0,0,0,0,0,0,0,0,0,2,0,0,0,0,0,2500,18,61,39,0,0,0,0,0
1ASK29,2004-06-23,2004,spring,jun,Azov,Kerch,1,1ASK,Lh,45,40,7,550,M,0,0,0,0,0,0,0,0,0,0,0,0,0,0,0,0,0,0,0,0,0,0,200,0,5,25,0,0,0,0,0
1ASK30,2004-06-23,2004,spring,jun,Azov,Kerch,1,1ASK,Lh,45,40,8,670,M,0,0,0,0,0,0,0,0,0,0,0,2,0,0,0,0,0,0,0,0,0,0,0,0,24,36,0,0,0,0,0
1ASK31,2004-06-23,2004,spring,jun,Azov,Kerch,1,1ASK,Lh,43,38,7,590,F,0,0,0,0,0,0,0,0,0,0,0,0,0,0,0,0,0,0,0,0,0,0,0,0,5,5,0,0,0,0,0
1ASK32,2004-06-23,2004,spring,jun,Azov,Kerch,1,1ASK,Lh,50,44,9,950,F,0,0,0,0,0,0,0,0,0,0,0,0,0,0,0,0,0,0,0,0,0,0,10,0,13,22,0,0,0,0,0
2ASK01,2004-09-02,2004,summer,sep,Azov,Kerch,2,2ASK,Lh,43,38,8,720,J,0,0,0,0,0,0,0,0,0,0,0,0,0,0,0,0,0,0,0,0,5,0,0,0,1,2,0,1,0,0,0
2ASK02,2004-09-02,2004,summer,sep,Azov,Kerch,2,2ASK,Lh,38,34,7,440,J,0,0,0,0,0,0,0,0,0,0,0,0,0,0,0,0,0,0,0,0,8,0,0,0,38,29,1,0,0,0,0
2ASK03,2004-09-02,2004,summer,sep,Azov,Kerch,2,2ASK,Lh,36,31,6,350,J,0,0,0,0,0,0,0,0,0,0,0,1,0,0,0,0,0,0,0,0,6,0,0,0,6,63,1,0,0,0,0
2ASK04,2004-09-02,2004,summer,sep,Azov,Kerch,2,2ASK,Lh,42,38,7,730,J,0,0,0,0,0,0,0,0,0,0,0,0,0,0,0,0,0,0,0,0,8,0,0,0,2,5,0,3,0,0,0
2ASK05,2004-09-02,2004,summer,sep,Azov,Kerch,2,2ASK,Lh,38,34,6,450,J,0,0,0,0,0,0,0,0,0,0,0,0,0,0,0,0,0,0,0,0,0,0,0,0,3,0,0,2,0,0,0
2ASK06,2004-09-02,2004,summer,sep,Azov,Kerch,2,2ASK,Lh,43,38,7,1000,F,0,0,0,0,0,0,0,0,0,0,0,0,0,0,0,0,0,0,0,3,0,0,0,0,4,4,0,0,0,0,0
2ASK07,2004-09-02,2004,summer,sep,Azov,Kerch,2,2ASK,Lh,41,36,7,580,M,0,0,0,0,0,1,0,0,0,0,0,0,0,0,0,0,0,0,0,0,0,0,0,0,0,3,0,2,0,0,0
2ASK08,2004-09-02,2004,summer,sep,Azov,Kerch,2,2ASK,Lh,41,36,7,590,J,0,0,0,0,0,0,0,0,0,0,0,5,0,0,0,2,0,0,0,0,0,0,0,0,0,0,0,0,0,0,0
2ASK09,2004-09-02,2004,summer,sep,Azov,Kerch,2,2ASK,Lh,34,31,6,350,J,0,0,0,0,0,0,0,0,0,0,0,5,0,0,0,0,0,0,0,0,0,0,0,0,5,11,0,0,0,0,0
2ASK10,2004-09-02,2004,summer,sep,Azov,Kerch,2,2ASK,Lh,33,28,6,270,J,0,0,0,0,0,0,0,0,0,0,0,0,0,0,0,0,0,0,2,0,0,0,0,0,0,3,0,7,0,0,0
2ASK11,2004-09-02,2004,summer,sep,Azov,Kerch,2,2ASK,Lh,34,30,6,310,J,0,0,0,0,0,0,0,0,0,0,0,0,0,0,0,0,0,0,0,0,0,0,0,0,3,7,0,0,0,0,0
2ASK12,2004-09-02,2004,summer,sep,Azov,Kerch,2,2ASK,Lh,36,31,6,380,J,0,0,0,0,0,0,0,0,0,0,0,6,0,0,0,0,0,0,0,0,0,0,0,0,0,0,0,0,0,0,0
2ASK13,2004-09-02,2004,summer,sep,Azov,Kerch,2,2ASK,Lh,39,34,6,520,J,0,0,0,0,0,0,0,0,0,0,0,0,0,0,0,0,0,0,0,0,15,0,0,0,20,20,0,5,0,5,0
2ASK14,2004-09-02,2004,summer,sep,Azov,Kerch,2,2ASK,Lh,38,34,7,550,J,0,0,0,0,0,0,0,0,0,0,0,0,0,0,0,0,0,0,0,0,18,0,0,0,0,6,0,0,0,0,0
2ASK15,2004-09-02,2004,summer,sep,Azov,Kerch,2,2ASK,Lh,38,34,6,550,J,0,0,0,0,0,0,0,0,0,0,0,0,0,0,0,0,0,2,0,0,0,0,0,0,0,0,0,0,0,0,0
2ASK16,2004-09-02,2004,summer,sep,Azov,Kerch,2,2ASK,Lh,33,29,6,150,J,0,0,0,0,0,0,0,0,0,0,0,8,0,0,0,0,0,0,0,0,0,0,0,0,2,0,0,32,0,0,0
2ASK17,2004-09-02,2004,summer,sep,Azov,Kerch,2,2ASK,Lh,39,34,6,310,J,0,0,0,0,0,0,0,0,0,0,0,9,0,0,0,0,15,0,0,0,0,0,0,0,0,0,0,41,0,0,0
2ASK18,2004-09-02,2004,summer,sep,Azov,Kerch,2,2ASK,Lh,31,27,6,170,J,0,0,0,0,0,0,0,0,0,0,0,6,0,0,0,0,0,0,0,0,10,0,0,0,1,24,0,95,0,10,0
2ASK19,2004-09-02,2004,summer,sep,Azov,Kerch,2,2ASK,Lh,47,43,9,920,J,0,0,0,0,0,0,0,0,0,0,0,0,0,0,0,0,10,0,0,0,0,0,0,0,11,29,0,40,0,0,0
2ASK20,2004-09-02,2004,summer,sep,Azov,Kerch,2,2ASK,Lh,37,32,6,260,J,0,0,0,0,0,0,0,0,0,0,0,0,0,0,0,0,0,0,0,0,30,0,0,0,0,0,0,95,0,0,0
2ASK21,2004-09-02,2004,summer,sep,Azov,Kerch,2,2ASK,Lh,35,31,6,350,J,0,0,0,0,0,0,0,0,0,0,0,20,0,0,0,0,0,0,0,0,0,0,0,0,10,0,0,10,0,0,0
2ASK22,2004-09-02,2004,summer,sep,Azov,Kerch,2,2ASK,Lh,27,24,5,150,J,0,0,0,0,0,0,0,0,0,0,0,0,0,0,0,0,0,0,0,0,0,0,0,0,2,8,1,20,0,0,0
2ASK23,2004-09-02,2004,summer,sep,Azov,Kerch,2,2ASK,Lh,33,29,5,280,J,0,0,0,1,0,0,0,0,0,0,0,10,0,0,0,0,2,0,0,0,0,0,0,0,2,1,0,0,0,0,0
2ASK24,2004-09-02,2004,summer,sep,Azov,Kerch,2,2ASK,Lh,47,42,9,1060,F,0,0,0,0,0,0,0,0,0,0,0,0,0,0,0,0,0,0,0,0,0,0,0,0,10,15,0,29,0,0,0
2ASK25,2004-09-02,2004,summer,sep,Azov,Kerch,2,2ASK,Lh,38,34,7,560,J,0,0,0,0,0,0,0,0,0,0,0,0,0,0,0,0,0,0,0,0,0,0,0,0,10,0,0,0,0,0,0
2ASK26,2004-09-02,2004,summer,sep,Azov,Kerch,2,2ASK,Lh,29,26,5,150,J,0,0,0,0,0,0,0,0,0,0,0,35,0,0,0,0,0,0,1,0,8,0,0,0,0,3,1,0,0,0,0
2ASK27,2004-09-02,2004,summer,sep,Azov,Kerch,2,2ASK,Lh,32,28,6,200,J,0,0,0,0,0,0,0,0,0,0,0,0,0,0,0,0,20,0,0,0,0,0,0,0,2,6,0,0,0,0,0
2ASK28,2004-09-02,2004,summer,sep,Azov,Kerch,2,2ASK,Lh,34,30,5,200,J,0,0,0,0,0,0,0,0,0,0,0,0,0,0,0,0,0,0,1,0,0,0,0,0,0,2,0,5,0,0,0
2ASK29,2004-09-02,2004,summer,sep,Azov,Kerch,2,2ASK,Lh,29,26,5,140,J,0,0,0,0,0,0,0,0,0,0,0,11,0,0,0,0,0,0,0,0,6,0,0,0,4,4,0,9,0,0,0
2ASK30,2004-09-02,2004,summer,sep,Azov,Kerch,2,2ASK,Lh,32,28,5,200,J,0,0,0,0,0,0,0,0,0,0,0,102,0,0,0,0,0,0,0,0,0,0,0,0,0,3,0,198,0,0,0
3ASK01,2005-06-22,2005,summer,jun,Azov,Kerch,3,3ASK,Lh,45,40,8,790,F,0,0,0,0,0,0,0,0,0,0,1,0,1,0,0,0,0,0,0,0,0,0,8,0,2,4,0,4,0,0,0
3ASK02,2005-06-22,2005,summer,jun,Azov,Kerch,3,3ASK,Lh,49,45,8,805,J,0,0,0,0,0,0,0,0,0,0,0,0,0,0,0,0,0,0,0,0,0,0,2,2,7,6,0,3,0,0,0
3ASK03,2005-06-22,2005,summer,jun,Azov,Kerch,3,3ASK,Lh,45,39,8,917,M,0,0,0,0,0,0,0,0,0,0,0,1,0,0,0,0,11,0,0,0,0,0,0,0,44,166,0,0,0,0,0
3ASK04,2005-06-22,2005,summer,jun,Azov,Kerch,3,3ASK,Lh,42,37,7,585,J,0,0,0,0,0,0,0,2,0,0,1,1,0,0,0,1,3,0,0,0,0,0,0,0,10,24,0,1,0,0,0
3ASK05,2005-06-24,2005,summer,jun,Azov,Kerch,3,3ASK,Lh,45,39,9,935,J,0,0,0,0,0,1,0,0,0,0,0,0,0,2,0,0,0,0,0,0,0,0,0,0,2,5,0,0,0,0,0
3ASK06,2005-06-24,2005,summer,jun,Azov,Kerch,3,3ASK,Lh,39,35,8,653,F,0,0,0,0,0,1,0,0,0,0,0,0,0,0,0,0,0,0,0,0,0,0,0,0,0,12,0,0,0,0,0
3ASK07,2005-06-24,2005,summer,jun,Azov,Kerch,3,3ASK,Lh,40,35,8,614,F,0,0,0,0,0,0,0,0,0,0,0,0,0,0,0,0,0,4,8,0,0,0,0,0,2,4,0,0,0,0,0
3ASK08,2005-06-25,2005,summer,jun,Azov,Kerch,3,3ASK,Lh,47,42,8,1055,M,0,0,0,0,0,0,0,0,0,0,0,0,0,0,0,36,0,0,0,0,0,0,0,0,13,68,0,0,0,0,0
3ASK09,2005-06-25,2005,summer,jun,Azov,Kerch,3,3ASK,Lh,48,43,8,1000,NA,0,0,0,0,0,2,0,3,0,0,4,0,0,0,0,0,3,23,0,0,0,0,0,0,7,17,0,0,0,0,0
3ASK10,2005-06-25,2005,summer,jun,Azov,Kerch,3,3ASK,Lh,47,41,8,927,M,0,0,0,0,0,0,0,0,0,0,0,0,0,0,0,0,7,0,0,0,4,0,0,0,0,0,0,0,0,0,0
3ASK11,2005-06-25,2005,summer,jun,Azov,Kerch,3,3ASK,Lh,38,34,7,565,F,0,0,0,0,0,0,0,0,0,0,0,0,0,0,0,0,6,0,0,0,0,0,0,0,0,1,0,0,0,0,0
3ASK12,2005-06-26,2005,summer,jun,Azov,Kerch,3,3ASK,Lh,40,35,8,645,F,0,0,0,0,0,0,0,0,0,0,0,0,0,0,0,0,0,6,0,0,0,0,0,0,0,2,0,0,0,0,0
3ASK13,2005-06-29,2005,summer,jun,Azov,Kerch,3,3ASK,Lh,40,35,7,614,F,0,0,0,0,0,2,0,0,0,0,0,0,0,0,0,0,82,0,0,0,0,0,0,0,2,3,0,14,0,0,0
3ASK14,2005-06-30,2005,summer,jun,Azov,Kerch,3,3ASK,Lh,37,33,7,470,NA,0,0,0,0,0,0,0,0,0,0,0,1,0,0,0,0,0,1,0,0,0,0,0,0,0,3,0,0,0,0,0
3ASK15,2005-06-30,2005,summer,jun,Azov,Kerch,3,3ASK,Lh,39,34,7,600,F,0,0,0,0,0,0,0,0,0,0,0,3,0,1,0,0,7,16,28,0,0,0,0,0,11,28,0,0,0,0,0
3ASK16,2005-06-30,2005,summer,jun,Azov,Kerch,3,3ASK,Lh,35,32,6,447,F,0,0,0,0,0,2,0,0,0,0,0,1,0,6,0,0,0,0,1,0,0,0,0,0,2,29,6,0,0,0,0
3ASK17,2005-06-30,2005,summer,jun,Azov,Kerch,3,3ASK,Lh,36,32,6,418,F,0,0,0,0,0,0,0,0,0,0,0,0,0,0,0,0,0,0,0,0,0,0,0,1,20,24,0,0,0,0,0
3ASK18,2005-06-30,2005,summer,jun,Azov,Kerch,3,3ASK,Lh,36,32,7,415,F,0,0,0,0,0,0,0,5,0,0,0,0,4,0,0,9,106,0,1,0,0,0,0,0,0,6,0,0,0,0,0
3ASK19,2005-06-30,2005,summer,jun,Azov,Kerch,3,3ASK,Lh,36,31,6,411,NA,0,0,0,0,0,0,0,0,0,0,0,0,0,0,0,0,0,0,0,0,0,0,0,0,2,19,1,0,0,0,0
3ASK20,2005-06-30,2005,summer,jun,Azov,Kerch,3,3ASK,Lh,35,31,6,386,F,0,0,0,0,0,1,0,0,0,0,1,4,19,3,0,0,0,0,0,0,0,0,0,0,8,27,0,8,0,0,0
3ASK21,2005-06-30,2005,summer,jun,Azov,Kerch,3,3ASK,Lh,37,33,7,534,NA,0,0,0,0,0,0,0,0,0,0,0,0,0,0,0,0,0,0,0,0,0,0,0,0,1,0,0,1,0,0,0
3ASK22,2005-06-30,2005,summer,jun,Azov,Kerch,3,3ASK,Lh,43,39,8,793,J,0,0,0,0,0,0,0,0,0,0,0,0,0,0,0,11,0,0,1,0,0,0,0,0,76,203,0,0,0,0,0
3ASK23,2005-06-30,2005,summer,jun,Azov,Kerch,3,3ASK,Lh,41,36,7,621,J,0,0,0,0,0,1,0,0,0,0,0,0,0,0,0,0,8,0,0,0,0,0,0,0,5,6,0,0,0,0,0
3ASK24,2005-07-02,2005,summer,jul,Azov,Kerch,3,3ASK,Lh,39,34,7,624,M,0,0,0,0,0,0,0,0,0,0,0,0,0,0,0,0,0,0,0,0,0,0,0,0,5,2,0,0,0,0,0
3ASK25,2005-07-02,2005,summer,jul,Azov,Kerch,3,3ASK,Lh,42,36,7,578,NA,0,0,0,0,0,0,0,0,0,0,0,0,0,0,0,0,0,0,0,0,0,1,0,0,2,0,0,0,0,0,0
3ASK26,2005-07-02,2005,summer,jul,Azov,Kerch,3,3ASK,Lh,36,32,6,243,M,0,0,0,0,0,0,0,0,0,0,0,1,0,0,0,0,0,0,0,0,0,0,0,0,2,8,1,2,0,0,0
3ASK27,2005-07-02,2005,summer,jul,Azov,Kerch,3,3ASK,Lh,47,42,7,853,F,0,0,0,0,0,0,0,0,0,0,0,0,0,0,0,0,0,0,0,0,0,0,0,0,16,4,0,0,0,0,0
3ASK28,2005-07-02,2005,summer,jul,Azov,Kerch,3,3ASK,Lh,44,38,8,776,M,0,0,0,0,0,0,0,12,0,0,1,0,0,0,0,0,0,0,0,0,0,0,0,0,6,21,0,0,0,0,0
3ASK29,2005-07-02,2005,summer,jul,Azov,Kerch,3,3ASK,Lh,42,37,7,682,F,0,0,0,0,0,0,0,0,0,0,0,0,0,0,0,0,0,0,0,0,0,0,0,0,10,6,0,0,0,0,0
3ASK30,2005-07-02,2005,summer,jul,Azov,Kerch,3,3ASK,Lh,43,38,7,660,F,0,0,0,0,0,0,0,0,0,0,0,0,0,0,0,0,177,0,46,0,0,0,9,0,2,5,0,1,0,0,0
4ASK01,2005-09-20,2005,fall,sep,Azov,Kerch,4,4ASK,Lh,41,35,8,685,NA,0,0,0,0,0,0,0,0,0,0,0,0,0,0,0,0,0,0,0,0,0,0,0,0,1,0,0,0,0,0,0
4ASK02,2005-09-20,2005,fall,sep,Azov,Kerch,4,4ASK,Lh,NA,NA,NA,NA,NA,0,0,0,0,0,0,0,0,0,0,0,0,0,0,0,0,0,0,6,0,0,0,0,0,0,0,0,0,0,0,0
4ASK03,2005-09-20,2005,fall,sep,Azov,Kerch,4,4ASK,Lh,43,37,9,787,M,0,0,0,0,0,0,0,0,0,0,0,0,0,0,0,0,0,1,0,0,0,0,0,0,3,16,0,0,0,0,0
4ASK04,2005-09-20,2005,fall,sep,Azov,Kerch,4,4ASK,Lh,42,36,9,394,NA,0,0,0,0,0,0,0,0,0,0,0,0,0,0,0,0,0,0,11,0,0,1,0,0,5,11,0,0,0,0,0
4ASK05,2005-09-20,2005,fall,sep,Azov,Kerch,4,4ASK,Lh,45,38,9,831,F,0,0,0,0,0,0,0,0,0,0,0,0,0,0,0,0,0,0,0,0,0,0,0,0,0,0,0,1,0,0,0
4ASK07,2005-09-20,2005,fall,sep,Azov,Kerch,4,4ASK,Lh,44,38,9,836,F,0,0,0,0,0,0,0,0,0,0,0,0,0,0,0,0,2,0,2,0,0,0,0,0,0,0,0,0,0,0,0
4ASK08,2005-09-20,2005,fall,sep,Azov,Kerch,4,4ASK,Lh,44,38,8,562,NA,0,0,0,0,0,0,0,0,0,0,0,0,0,0,0,0,0,0,0,0,0,0,0,0,0,3,0,0,0,0,0
4ASK09,2005-09-21,2005,fall,sep,Azov,Kerch,4,4ASK,Lh,43,37,7,740,NA,0,0,0,0,0,0,0,0,0,0,0,0,0,0,0,13,1,0,9,0,0,0,0,0,5,0,0,0,0,0,0
4ASK10,2005-09-21,2005,fall,sep,Azov,Kerch,4,4ASK,Lh,44,39,7,785,F,0,0,0,0,0,0,0,0,0,0,0,0,0,0,0,0,0,0,3,0,0,0,0,0,0,1,0,0,0,0,0
4ASK11,2005-09-21,2005,fall,sep,Azov,Kerch,4,4ASK,Lh,41,38,6,792,NA,0,0,0,0,0,0,0,0,0,0,0,0,0,0,0,0,13,0,0,0,0,0,0,0,3,3,0,0,0,0,0
4ASK12,2005-09-21,2005,fall,sep,Azov,Kerch,4,4ASK,Lh,42,37,7,706,F,0,0,0,0,0,0,0,0,0,0,0,0,0,0,0,0,0,0,8,0,0,0,0,0,0,0,0,0,0,0,0
4ASK13,2005-09-21,2005,fall,sep,Azov,Kerch,4,4ASK,Lh,43,37,8,833,NA,0,0,0,0,0,0,0,0,0,0,0,15,1,0,0,0,0,0,0,0,0,0,0,0,0,7,0,0,0,0,0
4ASK14,2005-09-21,2005,fall,sep,Azov,Kerch,4,4ASK,Lh,42,36,7,637,NA,0,0,0,0,0,0,0,0,0,0,0,0,0,0,0,0,0,0,0,0,0,0,0,0,6,23,0,0,0,0,0
4ASK15,2005-09-21,2005,fall,sep,Azov,Kerch,4,4ASK,Lh,43,38,8,631,NA,0,0,0,1,0,0,0,0,0,0,0,0,0,0,0,0,2,0,0,0,0,0,0,0,2,3,0,0,0,0,0
4ASK17,2005-09-21,2005,fall,sep,Azov,Kerch,4,4ASK,Lh,32,27,5,287,F,0,0,0,0,0,0,0,0,0,0,0,3,0,0,0,0,14,38,2,0,0,0,0,0,0,0,0,9,0,0,0
4ASK18,2005-09-21,2005,fall,sep,Azov,Kerch,4,4ASK,Lh,45,37,8,902,NA,0,0,0,0,0,0,0,0,0,0,0,0,0,0,0,0,0,0,6,0,0,0,0,0,13,2,0,0,0,0,0
4ASK19,2005-09-24,2005,fall,sep,Azov,Kerch,4,4ASK,Lh,36,32,7,400,F,0,0,0,0,0,0,0,0,0,0,0,0,0,0,0,0,0,0,148,0,0,0,0,0,0,1,0,0,0,0,0
4ASK20,2005-09-24,2005,fall,sep,Azov,Kerch,4,4ASK,Lh,29,26,5,235,F,0,0,0,0,0,0,0,0,0,0,0,0,0,0,0,0,2,1,0,0,0,0,0,0,0,1,0,0,0,0,0
4ASK21,2005-09-24,2005,fall,sep,Azov,Kerch,4,4ASK,Lh,35,31,7,395,NA,0,0,0,0,0,0,0,0,0,0,0,0,0,0,0,0,0,0,0,0,7,0,0,0,0,1,0,0,0,0,0
4ASK22,2005-09-24,2005,fall,sep,Azov,Kerch,4,4ASK,Lh,49,44,9,918,NA,0,0,0,0,0,0,0,0,0,0,0,0,0,0,0,0,0,0,7,0,3,0,20,0,0,0,0,0,0,0,0
4ASK23,2005-09-25,2005,fall,sep,Azov,Kerch,4,4ASK,Lh,27,24,4,176,F,0,0,0,0,0,0,0,0,0,0,0,0,0,0,0,0,0,0,0,0,0,0,0,0,4,0,0,1,0,0,0
4ASK24,2005-09-25,2005,fall,sep,Azov,Kerch,4,4ASK,Lh,34,28,5,307,F,0,0,0,0,0,0,0,0,0,0,0,3,0,0,0,0,0,0,0,0,1,0,0,0,0,2,0,4,0,0,0
4ASK25,2005-09-28,2005,fall,sep,Azov,Kerch,4,4ASK,Lh,50,44,8,1035,F,0,0,0,0,0,0,0,0,0,0,0,0,0,0,0,0,0,2,0,0,0,0,0,0,0,1,0,0,0,0,0
4ASK26,2005-09-28,2005,fall,sep,Azov,Kerch,4,4ASK,Lh,33,28,7,433,F,0,0,0,0,0,1,0,0,0,0,0,0,0,0,0,0,0,0,0,0,2,0,0,0,4,0,0,8,0,0,0
4ASK27,2005-09-28,2005,fall,sep,Azov,Kerch,4,4ASK,Lh,35,31,6,385,F,0,0,0,0,0,0,0,0,0,0,0,1,0,0,0,3,0,0,8,0,1,0,0,0,5,6,0,92,0,0,0
4ASK28,2005-09-28,2005,fall,sep,Azov,Kerch,4,4ASK,Lh,32,28,5,264,NA,0,0,0,0,0,1,0,0,0,0,0,0,0,0,0,0,0,0,0,0,53,0,0,0,1,0,0,0,0,0,0
4ASK29,2005-09-29,2005,fall,sep,Azov,Kerch,4,4ASK,Lh,48,43,9,1155,M,0,0,0,0,0,0,0,0,0,0,0,0,0,0,0,0,0,0,0,0,4,0,0,0,3,7,0,0,0,0,0
4ASK30,2005-09-29,2005,fall,sep,Azov,Kerch,4,4ASK,Lh,49,43,9,1235,F,0,0,0,0,0,0,0,0,0,0,0,19,1,1,0,0,0,0,0,0,4,0,0,0,2,9,0,0,0,0,0
4ASK31,2005-09-29,2005,fall,sep,Azov,Kerch,4,4ASK,Lh,30,25,5,268,NA,0,0,0,0,0,0,0,0,0,0,0,6,0,0,0,0,0,0,0,0,0,0,0,0,0,0,0,6,0,0,0
4ASK32,2005-09-29,2005,fall,sep,Azov,Kerch,4,4ASK,Lh,31,27,5,295,F,0,0,0,0,0,0,0,0,0,0,0,0,0,0,0,2,0,0,0,0,0,0,0,0,7,5,0,0,0,0,0
4ASK33,2005-09-29,2005,fall,sep,Azov,Kerch,4,4ASK,Lh,38,35,6,493,M,0,0,0,0,0,0,0,0,0,0,0,0,0,0,0,0,11,0,0,0,0,0,0,0,2,4,0,0,0,0,0
4ASK34,2005-09-29,2005,fall,sep,Azov,Kerch,4,4ASK,Lh,31,28,5,270,F,0,0,0,0,0,0,0,0,0,0,0,0,0,0,0,0,4,2,0,0,0,0,0,0,0,6,0,0,0,0,0
4ASK35,2005-09-29,2005,fall,sep,Azov,Kerch,4,4ASK,Lh,36,32,6,423,NA,0,0,0,0,0,0,0,0,0,0,0,0,0,0,0,0,4,0,0,0,0,0,0,0,0,2,0,0,0,0,0
4ASK36,2005-09-29,2005,fall,sep,Azov,Kerch,4,4ASK,Lh,38,33,7,531,F,0,0,0,0,0,0,0,0,0,0,0,11,0,0,0,0,0,0,0,0,0,0,0,0,0,2,0,0,0,0,0
4ASK37,2005-09-29,2005,fall,sep,Azov,Kerch,4,4ASK,Lh,47,42,7,904,M,0,0,0,0,0,0,0,0,0,0,0,4,1,0,0,0,0,0,0,0,0,0,0,0,0,1,0,0,0,0,0
4ASK38,2005-09-29,2005,fall,sep,Azov,Kerch,4,4ASK,Lh,51,46,8,1170,F,0,0,0,0,0,0,0,0,0,0,1,2,0,0,0,0,0,0,3,0,0,0,0,0,1,1,0,0,0,0,0
4ASK39,2005-09-30,2005,fall,sep,Azov,Kerch,4,4ASK,Lh,35,31,6,346,F,0,0,0,0,0,0,0,0,0,0,0,6,2,0,0,0,0,0,0,0,0,0,0,0,0,4,0,0,0,0,0
4ASK40,2005-10-01,2005,fall,oct,Azov,Kerch,4,4ASK,Lh,46,41,9,955,NA,0,0,0,0,0,0,0,0,0,0,0,1,0,0,0,0,0,1,0,0,0,0,0,0,4,4,0,0,0,0,0
1ASS01,2004-09-07,2004,summer,sep,Azov,Sivash,1,1ASS,Lh,45,42,9,1070,F,0,0,0,0,0,0,0,0,0,0,0,0,0,0,0,0,0,0,0,0,0,0,0,0,2,5,0,56,0,0,0
1ASS02,2004-09-07,2004,summer,sep,Azov,Sivash,1,1ASS,Lh,44,39,7,824,M,0,0,0,0,0,0,0,0,0,0,0,0,0,0,0,0,9,0,0,0,0,0,0,0,5,8,0,26,0,0,0
1ASS03,2004-09-07,2004,summer,sep,Azov,Sivash,1,1ASS,Lh,35,30,7,425,M,0,0,0,0,0,0,0,0,0,0,0,0,0,0,0,0,1,0,0,0,0,0,0,0,18,13,0,0,0,0,0
1ASS04,2004-09-07,2004,summer,sep,Azov,Sivash,1,1ASS,Lh,35,30,7,462,F,0,0,0,0,0,0,0,0,0,0,0,13,0,0,0,0,0,0,0,0,0,0,0,0,31,43,1,0,0,0,0
1ASS05,2004-09-07,2004,summer,sep,Azov,Sivash,1,1ASS,Lh,45,40,7,794,M,0,0,0,0,0,0,0,0,0,0,0,0,0,0,0,0,0,0,0,0,0,0,0,0,37,16,0,0,0,0,0
1ASS06,2004-09-07,2004,summer,sep,Azov,Sivash,1,1ASS,Lh,46,41,9,910,NA,0,0,0,0,0,0,0,0,0,0,0,0,0,0,0,5,2,0,0,0,0,0,21,0,12,3,0,0,0,0,0
1ASS07,2004-09-07,2004,summer,sep,Azov,Sivash,1,1ASS,Lh,45,40,8,992,NA,0,0,0,0,0,0,0,0,0,0,0,0,0,0,0,0,0,0,0,0,0,0,0,0,16,18,0,0,0,0,0
1ASS08,2004-09-07,2004,summer,sep,Azov,Sivash,1,1ASS,Lh,51,46,8,1190,F,0,0,0,0,0,0,0,0,0,0,0,0,0,0,0,0,0,0,0,0,0,0,0,0,13,0,0,0,0,0,0
1ASS09,2004-09-07,2004,summer,sep,Azov,Sivash,1,1ASS,Lh,52,46,9,1325,F,0,0,0,0,0,0,0,0,0,0,0,0,0,0,0,3,0,8,0,0,0,0,0,0,5,37,0,3,0,0,0
1ASS10,2004-09-07,2004,summer,sep,Azov,Sivash,1,1ASS,Lh,45,40,9,813,NA,0,0,0,0,0,0,0,0,0,0,0,0,0,0,0,0,0,0,0,0,0,0,0,0,14,29,0,1,0,0,0
1ASS11,2004-09-07,2004,summer,sep,Azov,Sivash,1,1ASS,Lh,52,46,10,1385,NA,0,0,0,0,0,0,0,0,0,0,0,0,0,0,0,0,11,0,2,0,0,0,0,0,2,6,0,3,0,0,0
1ASS12,2004-09-07,2004,summer,sep,Azov,Sivash,1,1ASS,Lh,42,36,7,618,J,0,0,0,0,0,0,0,0,0,0,0,0,0,0,0,0,0,0,0,0,0,0,0,0,5,7,0,0,0,0,0
1ASS13,2004-09-07,2004,summer,sep,Azov,Sivash,1,1ASS,Lh,33,29,6,385,J,0,0,0,0,0,0,2,0,0,0,1,0,0,0,0,0,0,0,0,0,1,0,0,0,39,43,0,0,0,0,0
1ASS14,2004-09-07,2004,summer,sep,Azov,Sivash,1,1ASS,Lh,45,40,7,861,NA,0,0,0,0,0,0,0,0,0,0,0,3,0,0,0,0,0,0,0,0,0,0,0,0,29,12,0,15,0,0,0
1ASS15,2004-09-07,2004,summer,sep,Azov,Sivash,1,1ASS,Lh,35,31,6,468,J,0,0,0,0,0,0,0,0,0,0,0,2,0,0,0,0,0,0,0,0,0,0,0,0,30,4,0,0,0,0,0
1ASS16,2004-09-07,2004,summer,sep,Azov,Sivash,1,1ASS,Lh,49,43,8,984,NA,0,0,0,0,0,0,0,0,0,0,0,15,0,0,0,0,0,0,0,0,0,0,0,0,0,0,0,9,0,0,0
1ASS17,2004-09-07,2004,summer,sep,Azov,Sivash,1,1ASS,Lh,44,39,8,864,J,0,0,0,0,0,0,0,0,0,0,0,0,0,0,0,0,0,0,0,0,0,0,0,0,12,22,0,0,0,0,0
1ASS18,2004-09-07,2004,summer,sep,Azov,Sivash,1,1ASS,Lh,43,39,7,801,NA,0,0,0,0,0,0,0,0,0,0,0,0,0,0,0,0,0,0,0,0,0,0,0,0,12,0,0,0,0,0,0
1ASS19,2004-09-07,2004,summer,sep,Azov,Sivash,1,1ASS,Lh,46,40,7,987,F,0,0,0,0,0,0,0,0,0,0,0,0,0,0,0,0,0,0,0,0,0,0,0,0,13,5,0,0,0,0,0
1ASS20,2004-09-07,2004,summer,sep,Azov,Sivash,1,1ASS,Lh,42,38,8,811,NA,0,0,0,0,0,0,0,0,0,0,0,2,0,0,0,0,0,0,2,0,0,0,0,0,14,25,0,4,0,0,0
1ASS21,2004-09-07,2004,summer,sep,Azov,Sivash,1,1ASS,Lh,44,39,8,861,M,0,0,0,0,0,0,0,0,0,0,0,37,0,0,0,0,0,0,0,2,0,0,0,0,6,0,0,0,0,0,0
1ASS22,2004-09-07,2004,summer,sep,Azov,Sivash,1,1ASS,Lh,42,37,8,740,J,0,0,0,0,0,0,0,0,0,0,0,0,0,0,0,0,0,0,6,0,0,0,0,0,5,0,0,0,0,0,0
1ASS23,2004-09-07,2004,summer,sep,Azov,Sivash,1,1ASS,Lh,43,38,8,820,F,0,0,0,0,0,0,0,0,0,0,0,0,0,0,0,0,1,0,0,0,0,0,0,0,54,95,0,0,0,0,0
1ASS24,2004-09-07,2004,summer,sep,Azov,Sivash,1,1ASS,Lh,45,40,8,852,J,0,0,0,0,0,0,0,0,0,0,0,0,0,0,0,0,0,0,0,0,0,0,0,0,16,29,24,52,0,0,0
1ASS25,2004-09-07,2004,summer,sep,Azov,Sivash,1,1ASS,Lh,35,31,6,460,F,0,0,0,0,0,0,0,0,0,0,0,0,0,0,0,0,0,0,0,0,0,0,0,0,9,18,0,0,0,0,0
1ASS26,2004-09-07,2004,summer,sep,Azov,Sivash,1,1ASS,Lh,33,29,7,402,F,0,0,0,0,0,0,0,0,0,0,0,0,0,0,0,0,0,0,0,0,0,0,0,0,16,21,0,0,0,0,0
1ASS27,2004-09-07,2004,summer,sep,Azov,Sivash,1,1ASS,Lh,37,33,7,513,F,0,0,0,0,0,0,0,0,0,0,0,0,0,0,0,0,0,0,8,0,0,0,0,0,15,15,1,0,0,0,0
1ASS28,2004-09-07,2004,summer,sep,Azov,Sivash,1,1ASS,Lh,39,34,7,621,J,0,0,0,0,0,0,0,0,0,0,2,0,0,0,0,0,0,0,0,0,0,0,0,0,12,10,0,156,0,0,0
1ASS29,2004-09-07,2004,summer,sep,Azov,Sivash,1,1ASS,Lh,35,31,7,468,J,0,0,0,0,0,0,0,0,0,0,0,110,0,0,0,0,0,0,0,0,0,0,0,0,9,2,1,273,0,0,0
1ASS30,2004-09-07,2004,summer,sep,Azov,Sivash,1,1ASS,Lh,35,30,8,574,F,0,0,0,0,0,0,0,0,0,0,0,2,1,0,0,0,2,0,0,0,0,0,0,0,62,68,2,54,0,0,0
2ASS01,2005-07-05,2005,summer,jul,Azov,Sivash,2,2ASS,Lh,35,30,6,360,F,0,0,0,0,0,0,0,0,0,0,3,23,0,0,0,0,12,0,12,0,4,0,0,0,7,2,0,6,0,0,0
2ASS02,2005-07-05,2005,summer,jul,Azov,Sivash,2,2ASS,Lh,30,26,5,209,M,0,0,0,0,0,0,0,0,0,0,0,0,0,0,0,0,0,0,1,0,0,0,0,0,6,20,0,0,0,0,0
2ASS03,2005-07-06,2005,summer,jul,Azov,Sivash,2,2ASS,Lh,38,34,7,632,F,0,0,0,0,0,0,0,0,0,0,0,0,0,0,0,0,0,0,0,0,0,0,0,0,4,2,0,0,0,0,0
2ASS04,2005-07-05,2005,summer,jul,Azov,Sivash,2,2ASS,Lh,36,32,6,400,NA,0,0,0,0,0,0,0,0,0,0,0,0,0,0,0,0,21,0,0,0,0,0,0,0,3,8,0,4,0,0,0
2ASS05,2005-07-05,2005,summer,jul,Azov,Sivash,2,2ASS,Lh,37,32,7,451,NA,0,0,0,0,0,1,0,0,0,0,0,0,0,0,0,0,0,0,0,0,0,0,0,0,8,2,0,0,0,0,0
2ASS06,2005-07-05,2005,summer,jul,Azov,Sivash,2,2ASS,Lh,37,33,6,462,NA,0,0,0,0,0,0,0,0,0,0,0,0,0,0,0,37,0,0,12,0,0,0,0,0,2,3,0,0,0,0,0
2ASS07,2005-07-05,2005,summer,jul,Azov,Sivash,2,2ASS,Lh,36,31,6,403,NA,0,0,0,0,0,0,0,0,0,0,0,0,0,0,0,5,0,0,0,0,0,0,0,0,5,4,0,2,0,0,0
2ASS08,2005-07-06,2005,summer,jul,Azov,Sivash,2,2ASS,Lh,39,35,7,521,M,0,0,0,0,0,0,0,0,0,0,0,2,0,0,0,0,0,1,0,0,0,0,0,0,8,22,0,5,0,0,0
2ASS09,2005-07-06,2005,summer,jul,Azov,Sivash,2,2ASS,Lh,37,33,8,687,F,0,0,0,0,0,0,0,0,0,0,0,0,0,0,0,0,0,0,0,0,0,0,0,0,7,16,0,0,0,0,0
2ASS10,2005-07-06,2005,summer,jul,Azov,Sivash,2,2ASS,Lh,44,40,8,755,F,0,0,0,0,0,0,0,0,0,0,0,0,0,0,0,0,2,0,0,0,0,0,0,0,12,33,0,0,0,0,0
2ASS12,2005-07-06,2005,summer,jul,Azov,Sivash,2,2ASS,Lh,42,38,7,703,F,0,0,0,0,0,0,0,0,0,0,0,2,0,0,0,0,0,0,0,0,0,0,0,0,0,12,0,0,0,0,0
2ASS13,2005-07-07,2005,summer,jul,Azov,Sivash,2,2ASS,Lh,34,31,7,496,J,0,0,0,0,0,0,0,0,0,0,0,0,0,0,0,0,0,0,0,0,0,0,0,0,1,7,0,0,0,0,0
2ASS14,2005-07-07,2005,summer,jul,Azov,Sivash,2,2ASS,Lh,35,32,7,572,M,0,0,0,1,0,0,0,0,0,0,31,0,0,0,0,0,0,0,0,0,0,0,6,0,6,11,2,0,0,0,0
2ASS15,2005-07-08,2005,summer,jul,Azov,Sivash,2,2ASS,Lh,44,39,8,828,F,0,0,0,0,0,0,0,0,0,0,1,0,0,0,0,8,0,0,0,0,0,0,0,0,2,3,0,6,0,0,0
2ASS16,2005-07-08,2005,summer,jul,Azov,Sivash,2,2ASS,Lh,42,38,8,753,NA,0,0,0,0,0,0,0,0,0,0,0,0,0,0,0,0,0,0,4,0,0,0,0,0,5,3,0,0,0,0,0
2ASS17,2005-07-08,2005,summer,jul,Azov,Sivash,2,2ASS,Lh,40,36,9,854,NA,0,0,0,0,0,0,0,0,0,0,0,0,0,0,0,0,0,0,0,0,0,0,0,0,6,13,0,0,0,0,0
2ASS18,2005-07-08,2005,summer,jul,Azov,Sivash,2,2ASS,Lh,40,35,7,664,F,0,0,0,0,0,0,0,0,0,0,0,0,0,0,0,0,0,0,0,0,0,0,0,0,0,3,1,0,0,0,0
2ASS19,2005-07-08,2005,summer,jul,Azov,Sivash,2,2ASS,Lh,36,33,8,527,F,0,0,0,0,0,0,0,0,0,0,0,0,0,0,0,0,1,0,1,0,0,0,0,0,16,19,0,0,0,0,0
2ASS20,2005-07-08,2005,summer,jul,Azov,Sivash,2,2ASS,Lh,39,35,8,722,F,0,0,0,0,0,0,0,0,0,0,0,0,0,0,0,0,5,0,17,0,0,0,0,0,0,0,0,10,0,0,0
2ASS21,2005-07-08,2005,summer,jul,Azov,Sivash,2,2ASS,Lh,38,34,8,621,J,0,0,0,0,0,0,0,0,0,0,6,0,0,0,0,0,0,0,0,0,0,0,0,0,2,4,0,21,0,0,0
2ASS22,2005-07-08,2005,summer,jul,Azov,Sivash,2,2ASS,Lh,33,30,6,423,F,0,0,0,0,0,0,0,0,0,0,0,0,0,0,0,0,0,0,0,0,0,0,0,0,3,13,0,0,0,0,0
2ASS23,2005-07-08,2005,summer,jul,Azov,Sivash,2,2ASS,Lh,35,31,8,572,F,0,0,0,0,0,0,0,0,0,0,0,0,0,0,0,0,0,0,0,0,0,0,0,0,4,6,1,31,0,0,0
2ASS24,2005-07-08,2005,summer,jul,Azov,Sivash,2,2ASS,Lh,31,27,6,289,NA,0,0,0,0,0,0,0,0,0,0,0,0,0,0,0,0,0,0,0,0,0,0,0,0,2,11,0,0,0,0,0
2ASS27,2005-07-08,2005,summer,jul,Azov,Sivash,2,2ASS,Lh,29,25,5,224,NA,0,0,0,0,0,0,0,0,0,0,0,0,0,0,0,0,0,0,0,0,0,0,0,0,3,0,0,0,0,0,0
2ASS28,2005-07-08,2005,summer,jul,Azov,Sivash,2,2ASS,Lh,31,27,6,294,J,0,0,0,0,0,0,0,0,0,0,0,0,0,0,0,0,0,0,0,0,0,0,0,0,10,41,0,29,0,0,0
2ASS29,2005-07-08,2005,summer,jul,Azov,Sivash,2,2ASS,Lh,33,30,6,370,J,0,0,0,0,0,0,0,0,0,0,0,0,0,0,0,0,0,0,0,0,0,0,0,0,0,2,0,0,0,0,0
2ASS30,2005-07-08,2005,summer,jul,Azov,Sivash,2,2ASS,Lh,29,25,5,217,NA,0,0,0,0,0,0,0,0,0,0,0,0,0,0,0,0,0,0,0,0,0,0,0,0,2,7,0,0,0,0,0
2ASS31,2005-07-08,2005,summer,jul,Azov,Sivash,2,2ASS,Lh,33,29,6,319,NA,0,0,0,0,0,0,0,0,0,0,0,0,0,0,0,0,0,0,0,0,0,0,0,0,2,0,0,0,0,0,0
2ASS32,2005-07-08,2005,summer,jul,Azov,Sivash,2,2ASS,Lh,31,28,5,273,NA,0,0,0,0,0,0,0,0,0,0,0,0,0,0,0,0,0,0,1,0,0,0,0,0,3,2,0,0,0,0,0
2ASS33,2005-07-08,2005,summer,jul,Azov,Sivash,2,2ASS,Lh,30,26,5,280,NA,0,0,0,0,0,0,0,0,0,0,0,0,0,0,0,0,0,0,2,0,0,0,0,0,25,9,0,0,0,0,0
2ASS34,2005-07-08,2005,summer,jul,Azov,Sivash,2,2ASS,Lh,33,29,6,303,F,0,0,0,0,0,0,0,0,0,0,0,0,0,0,0,0,0,0,0,0,0,0,0,0,0,1,0,0,0,0,0
2ASS35,2005-07-08,2005,summer,jul,Azov,Sivash,2,2ASS,Lh,31,27,6,297,F,0,0,0,0,0,0,0,0,0,0,0,0,0,0,0,0,0,0,1,0,0,0,0,0,8,10,0,0,0,0,0
2ASS36,2005-07-08,2005,summer,jul,Azov,Sivash,2,2ASS,Lh,33,29,6,336,NA,0,0,0,0,0,0,0,0,0,0,0,0,0,0,0,0,0,0,0,0,0,0,0,0,2,9,0,52,0,0,0
2ASS38,2005-07-08,2005,summer,jul,Azov,Sivash,2,2ASS,Lh,31,27,5,263,J,0,0,0,0,0,0,0,0,0,0,0,0,0,0,0,0,0,0,0,0,0,0,0,0,3,4,0,1,0,0,0
2ASS39,2005-07-08,2005,summer,jul,Azov,Sivash,2,2ASS,Lh,32,28,6,334,M,0,0,0,0,0,0,0,0,0,0,0,0,0,0,0,0,0,0,0,0,0,0,0,0,5,1,0,0,0,0,0
2ASS41,2005-07-08,2005,summer,jul,Azov,Sivash,2,2ASS,Lh,28,25,5,215,NA,0,0,0,0,0,0,0,0,0,0,0,0,0,0,0,0,0,0,0,0,0,0,0,0,2,0,0,0,0,0,0
2ASS42,2005-07-08,2005,summer,jul,Azov,Sivash,2,2ASS,Lh,31,28,6,291,NA,0,0,0,0,0,0,0,0,0,0,0,0,0,0,0,0,0,0,0,0,0,0,0,0,4,9,0,0,0,0,0
2ASS43,2005-07-08,2005,summer,jul,Azov,Sivash,2,2ASS,Lh,30,27,6,265,J,0,0,0,0,0,0,0,0,0,0,0,0,0,0,0,0,0,0,0,0,0,0,0,0,5,2,0,0,0,0,0
2ASS44,2005-07-08,2005,summer,jul,Azov,Sivash,2,2ASS,Lh,30,26,5,254,J,0,0,0,0,0,0,0,0,0,0,0,0,0,0,0,0,0,0,0,0,0,2,0,0,7,2,0,0,0,0,0
2ASS45,2005-07-08,2005,summer,jul,Azov,Sivash,2,2ASS,Lh,26,23,5,187,F,0,0,0,0,0,0,0,0,0,0,0,0,0,0,0,0,0,0,0,0,0,0,0,0,0,3,0,2,0,0,0
2ASS46,2005-07-08,2005,summer,jul,Azov,Sivash,2,2ASS,Lh,25,21,4,133,NA,0,0,0,0,0,0,0,0,0,0,0,0,0,0,0,0,0,0,1,0,0,0,0,0,0,0,0,0,0,0,0
2ASS47,2005-07-08,2005,summer,jul,Azov,Sivash,2,2ASS,Lh,22,19,4,99,J,0,0,0,0,0,0,0,30,0,0,0,0,0,0,0,0,0,0,0,0,0,1,0,0,0,1,1,0,0,0,0
2ASS48,2005-07-08,2005,summer,jul,Azov,Sivash,2,2ASS,Lh,21,18,4,91,NA,0,0,0,0,0,0,0,0,0,0,0,0,0,0,0,0,0,0,0,0,0,0,0,0,0,2,1,0,0,0,0
2ASS49,2005-07-08,2005,summer,jul,Azov,Sivash,2,2ASS,Lh,22,20,4,105,NA,0,0,0,0,0,0,0,0,0,0,0,0,0,0,0,0,0,1,0,0,0,0,0,0,0,1,0,0,0,0,0
2ASS51,2005-07-08,2005,summer,jul,Azov,Sivash,2,2ASS,Lh,23,20,4,112,J,0,0,0,0,0,0,0,0,0,0,0,26,0,0,0,0,0,0,0,0,0,0,0,0,0,0,0,13,0,0,0
2ASS52,2005-07-08,2005,summer,jul,Azov,Sivash,2,2ASS,Lh,21,18,4,88,J,0,0,0,0,0,0,0,0,0,0,0,0,0,0,0,0,0,0,0,0,0,0,0,0,0,2,1,46,0,0,0
2ASS53,2005-07-08,2005,summer,jul,Azov,Sivash,2,2ASS,Lh,21,19,5,125,J,0,0,0,0,0,0,0,0,0,0,0,0,0,0,0,0,0,0,0,0,0,0,0,0,1,0,0,0,0,0,0
2ASS54,2005-07-08,2005,summer,jul,Azov,Sivash,2,2ASS,Lh,24,21,5,148,NA,0,0,0,0,0,0,0,0,0,0,0,0,0,0,0,0,3,0,0,0,0,0,0,0,0,0,0,0,0,0,0
2ASS56,2005-07-08,2005,summer,jul,Azov,Sivash,2,2ASS,Lh,21,19,4,98,NA,0,0,0,0,0,0,0,0,0,0,0,0,0,0,0,0,0,0,0,0,0,0,0,0,1,0,1,0,0,0,0
2ASS57,2005-07-08,2005,summer,jul,Azov,Sivash,2,2ASS,Lh,22,19,5,123,NA,0,0,0,0,0,0,0,0,0,0,0,0,0,0,0,0,0,0,3,0,0,0,0,0,0,0,0,0,0,0,0
2ASS58,2005-07-08,2005,summer,jul,Azov,Sivash,2,2ASS,Lh,23,20,4,122,F,0,0,0,1,0,0,0,0,0,0,0,0,0,0,0,0,0,0,1,0,0,0,0,0,0,0,0,0,0,0,0
2ASS59,2005-07-08,2005,summer,jul,Azov,Sivash,2,2ASS,Lh,20,18,4,99,NA,0,0,0,0,0,0,0,0,0,0,0,0,0,0,0,0,0,0,0,0,0,0,0,0,2,3,0,0,0,0,0
2ASS60,2005-07-08,2005,summer,jul,Azov,Sivash,2,2ASS,Lh,22,19,4,122,NA,0,0,0,0,0,0,0,0,0,0,2,2,0,0,0,0,0,0,0,0,0,0,0,0,0,0,0,34,0,0,0
2ASS62,2005-07-08,2005,summer,jul,Azov,Sivash,2,2ASS,Lh,20,18,4,100,NA,0,0,0,0,0,0,0,0,0,0,0,0,0,0,0,0,0,0,0,0,0,0,0,0,2,3,0,0,0,0,0
3ASS01,2005-10-02,2005,fall,oct,Azov,Sivash,3,3ASS,Lh,29,26,5,229,F,0,0,0,0,0,0,0,0,0,0,0,0,0,0,0,8,0,0,0,0,0,0,0,0,1,0,0,0,0,0,0
3ASS02,2005-10-02,2005,fall,oct,Azov,Sivash,3,3ASS,Lh,34,31,5,354,F,0,0,0,0,0,0,0,0,0,0,0,0,0,0,0,2,132,0,0,0,0,0,0,0,2,15,0,0,0,0,0
3ASS03,2005-10-02,2005,fall,oct,Azov,Sivash,3,3ASS,Lh,31,27,6,271,F,0,0,0,0,0,0,0,0,0,0,0,0,0,0,0,0,0,0,0,0,0,1,0,0,0,0,0,0,0,0,0
3ASS04,2005-10-02,2005,fall,oct,Azov,Sivash,3,3ASS,Lh,31,28,5,264,F,0,0,0,0,0,0,0,0,0,0,0,3,0,0,0,15,0,0,2,0,0,0,0,0,3,25,0,22,0,0,0
3ASS05,2005-10-02,2005,fall,oct,Azov,Sivash,3,3ASS,Lh,30,27,5,290,NA,0,0,0,0,0,0,0,0,0,0,0,0,0,0,0,0,0,0,0,0,0,0,0,0,0,0,2,0,0,0,0
3ASS06,2005-10-02,2005,fall,oct,Azov,Sivash,3,3ASS,Lh,34,31,6,381,NA,0,0,0,0,0,0,0,0,0,0,0,0,0,0,0,0,0,0,0,0,0,0,0,0,12,16,2,0,0,0,0
3ASS07,2005-10-02,2005,fall,oct,Azov,Sivash,3,3ASS,Lh,37,32,7,471,M,0,0,0,0,0,0,0,0,0,0,0,0,0,0,0,0,0,0,0,0,0,0,0,0,13,3,0,43,0,0,0
3ASS08,2005-10-02,2005,fall,oct,Azov,Sivash,3,3ASS,Lh,38,34,7,529,F,0,0,0,0,0,0,0,0,0,0,4,0,3,0,0,0,0,0,0,0,0,0,0,0,0,1,0,111,0,0,0
3ASS09,2005-10-02,2005,fall,oct,Azov,Sivash,3,3ASS,Lh,34,30,6,364,NA,0,0,0,0,0,0,0,0,0,0,0,0,0,0,0,10,0,0,1,0,0,0,0,0,2,3,0,2,0,0,0
3ASS10,2005-10-02,2005,fall,oct,Azov,Sivash,3,3ASS,Lh,39,35,8,555,F,0,0,0,0,0,0,0,0,0,0,1,8,0,0,0,0,0,0,0,0,0,0,0,0,19,14,0,3,0,0,0
3ASS11,2005-10-02,2005,fall,oct,Azov,Sivash,3,3ASS,Lh,35,31,7,447,F,0,0,0,0,0,0,0,0,0,0,0,1,0,0,0,0,0,0,0,0,0,0,0,0,4,8,0,0,0,0,0
3ASS12,2005-10-02,2005,fall,oct,Azov,Sivash,3,3ASS,Lh,36,32,7,418,F,0,0,0,0,0,0,0,0,0,0,0,0,0,0,0,0,0,0,0,0,0,0,0,0,4,4,0,0,0,0,0
3ASS13,2005-10-02,2005,fall,oct,Azov,Sivash,3,3ASS,Lh,34,30,8,540,NA,0,0,0,1,0,0,0,0,0,0,0,0,0,0,0,0,0,0,7,0,0,0,0,0,19,2,0,0,0,0,0
3ASS14,2005-10-02,2005,fall,oct,Azov,Sivash,3,3ASS,Lh,36,32,6,418,F,0,0,0,0,0,0,0,0,0,0,1,2,0,0,0,0,0,0,0,0,0,0,0,0,66,83,1,11,0,0,0
3ASS15,2005-10-02,2005,fall,oct,Azov,Sivash,3,3ASS,Lh,35,32,8,516,F,0,0,0,0,0,0,0,0,0,0,0,0,0,0,0,0,0,0,0,0,0,0,0,0,1,9,0,0,0,0,0
3ASS16,2005-10-02,2005,fall,oct,Azov,Sivash,3,3ASS,Lh,33,30,7,370,F,0,0,0,0,0,0,0,0,0,0,3,3,0,0,0,0,0,0,0,0,0,0,0,0,5,5,0,21,0,0,0
3ASS17,2005-10-02,2005,fall,oct,Azov,Sivash,3,3ASS,Lh,39,36,8,662,NA,0,0,0,0,0,0,0,0,0,0,0,0,0,0,0,0,0,0,0,0,0,0,0,0,4,4,1,47,0,0,0
3ASS18,2005-10-02,2005,fall,oct,Azov,Sivash,3,3ASS,Lh,37,34,7,510,M,0,0,0,0,0,0,0,0,0,0,0,0,0,0,0,0,0,0,0,0,0,0,0,0,36,17,0,0,0,0,0
3ASS19,2005-10-02,2005,fall,oct,Azov,Sivash,3,3ASS,Lh,33,29,6,335,F,0,0,0,0,0,0,0,0,0,0,0,0,0,0,0,0,0,0,0,0,0,0,0,0,5,0,0,0,0,0,0
3ASS20,2005-10-02,2005,fall,oct,Azov,Sivash,3,3ASS,Lh,38,34,8,610,F,0,0,0,0,0,0,0,0,0,0,2,3,0,0,0,0,0,0,0,0,0,0,0,0,1,11,0,12,0,0,0
3ASS21,2005-10-02,2005,fall,oct,Azov,Sivash,3,3ASS,Lh,31,28,6,260,F,0,0,0,0,0,0,0,0,0,0,0,2,0,0,0,23,0,0,0,0,0,0,0,0,6,6,0,0,0,0,0
3ASS22,2005-10-02,2005,fall,oct,Azov,Sivash,3,3ASS,Lh,37,32,6,351,F,0,0,0,0,0,0,0,0,0,0,0,1,0,0,0,0,0,2,0,0,0,0,0,0,2,16,0,0,0,0,0
3ASS23,2005-10-02,2005,fall,oct,Azov,Sivash,3,3ASS,Lh,32,28,5,236,NA,0,0,0,0,0,2,1,0,0,0,0,19,0,0,0,0,3,0,0,0,0,0,0,0,1,2,0,0,0,0,0
3ASS25,2005-10-02,2005,fall,oct,Azov,Sivash,3,3ASS,Lh,30,27,6,247,NA,0,0,0,0,0,0,0,0,0,0,0,0,0,0,0,0,0,0,0,0,0,0,0,0,0,9,0,0,0,0,0
3ASS26,2005-10-02,2005,fall,oct,Azov,Sivash,3,3ASS,Lh,29,26,5,212,NA,0,0,0,0,0,0,0,0,0,0,0,16,0,0,0,0,11,0,0,0,0,0,0,0,0,3,0,8,0,0,0
3ASS27,2005-10-02,2005,fall,oct,Azov,Sivash,3,3ASS,Lh,29,26,5,210,F,0,0,0,0,0,1,0,0,0,0,0,3,0,0,0,0,0,0,0,0,0,0,0,0,2,2,0,0,0,0,0
3ASS28,2005-10-02,2005,fall,oct,Azov,Sivash,3,3ASS,Lh,31,27,6,272,F,0,0,0,0,0,0,0,0,0,0,0,0,0,0,0,11,0,0,0,0,0,0,0,0,0,3,0,0,0,0,0
3ASS29,2005-10-02,2005,fall,oct,Azov,Sivash,3,3ASS,Lh,31,27,6,256,J,0,0,0,0,0,1,0,0,0,0,0,0,0,0,0,0,10,0,0,0,0,0,0,0,0,2,0,0,0,0,0
3ASS30,2005-10-02,2005,fall,oct,Azov,Sivash,3,3ASS,Lh,33,30,6,284,NA,0,0,0,1,0,0,0,0,0,0,0,0,0,0,0,4,0,0,0,0,0,0,0,0,0,4,0,0,0,0,0
3ASS31,2005-10-02,2005,fall,oct,Azov,Sivash,3,3ASS,Lh,35,31,6,374,NA,0,0,0,0,0,0,0,0,0,0,0,0,0,0,0,0,6,0,0,0,0,0,0,0,1,2,0,0,0,0,0
3ASS32,2005-10-04,2005,fall,oct,Azov,Sivash,3,3ASS,Lh,37,33,7,508,M,0,0,0,0,0,0,0,0,0,0,0,3,0,0,0,0,0,0,0,0,0,0,0,0,7,22,0,23,0,0,0
3ASS34,2005-10-04,2005,fall,oct,Azov,Sivash,3,3ASS,Lh,36,32,7,500,F,0,0,0,0,0,0,0,0,0,0,3,0,0,0,0,0,0,0,0,0,0,0,0,0,0,5,0,1,0,0,0
3ASS35,2005-10-05,2005,fall,oct,Azov,Sivash,3,3ASS,Lh,39,36,7,567,NA,0,0,0,0,0,0,0,0,0,0,2,0,0,0,0,0,0,0,0,0,0,0,0,0,0,0,0,14,0,0,0
3ASS36,2005-10-05,2005,fall,oct,Azov,Sivash,3,3ASS,Lh,34,29,8,497,NA,0,0,0,0,0,0,0,1,0,0,1,0,0,0,0,0,0,0,0,0,0,0,0,0,4,39,0,21,0,0,0
3ASS37,2005-10-06,2005,fall,oct,Azov,Sivash,3,3ASS,Lh,40,36,6,673,NA,0,0,0,0,0,1,0,0,0,0,0,2,0,0,0,0,0,0,0,0,0,0,0,0,1,4,0,3,0,0,0
3ASS38,2005-10-06,2005,fall,oct,Azov,Sivash,3,3ASS,Lh,41,36,7,641,NA,0,0,0,0,0,0,0,0,0,0,0,1,0,0,0,0,0,0,0,0,0,0,0,0,0,0,0,7,0,0,0
3ASS39,2005-10-06,2005,fall,oct,Azov,Sivash,3,3ASS,Lh,37,32,7,441,NA,0,0,0,0,0,0,0,0,0,0,0,0,0,0,0,0,0,0,4,0,0,0,0,0,9,22,0,0,0,0,0
3ASS40,2005-10-07,2005,fall,oct,Azov,Sivash,3,3ASS,Lh,27,32,7,507,F,0,0,0,0,0,0,0,0,0,0,4,0,0,0,0,0,0,0,0,0,4,0,0,0,17,11,0,0,0,0,0
3ASS41,2005-10-08,2005,fall,oct,Azov,Sivash,3,3ASS,Lh,23,21,5,125,NA,0,0,0,0,0,0,0,0,0,0,0,0,0,0,0,0,0,0,0,0,0,0,0,0,0,0,6,5,0,0,0
3ASS42,2005-10-08,2005,fall,oct,Azov,Sivash,3,3ASS,Lh,34,31,6,469,F,0,0,0,0,0,0,0,0,0,0,0,0,0,0,0,0,0,0,0,0,0,1,0,0,20,4,0,0,0,0,0
1ASO01,26-May-04,2004,spring,may,Azov,Obytochny,1,1ASO,Lh,46,40,NA,1050,M,0,0,0,0,0,0,0,0,0,0,0,0,0,0,0,0,0,0,0,0,0,0,0,0,7,23,0,0,0,0,0
1ASO02,28-May-04,2004,spring,may,Azov,Obytochny,1,1ASO,Lh,50,44,NA,1360,F,0,0,0,0,0,0,0,0,0,0,0,0,0,0,0,0,0,0,0,0,0,0,0,0,0,2,0,0,0,0,0
1ASO03,2004-06-01,2004,spring,jun,Azov,Obytochny,1,1ASO,Lh,45,40,NA,975,F,0,0,0,0,0,2,1,0,0,0,4,0,0,0,0,0,0,0,0,0,0,0,0,0,2,5,0,10,0,0,0
1ASO04,2004-06-01,2004,spring,jun,Azov,Obytochny,1,1ASO,Lh,49,43,NA,1390,M,0,0,0,0,0,3,0,0,0,0,3,0,0,0,0,0,0,0,0,0,0,0,0,0,0,10,0,13,0,0,0
1ASO05,2004-06-01,2004,spring,jun,Azov,Obytochny,1,1ASO,Lh,50,44,NA,1900,M,0,0,0,0,0,0,0,0,0,0,0,0,0,0,0,0,0,0,0,0,0,0,0,0,2,6,0,0,0,0,0
1ASO07,2004-06-01,2004,spring,jun,Azov,Obytochny,1,1ASO,Lh,47,42,9,1070,M,0,0,0,0,0,10,0,0,0,0,0,0,0,0,0,0,0,0,0,0,0,0,0,0,0,1,0,0,0,0,0
1ASO08,2004-06-01,2004,spring,jun,Azov,Obytochny,1,1ASO,Lh,45,40,9,985,M,0,0,0,0,0,1,0,0,0,0,0,0,0,0,0,0,0,130,0,0,0,0,0,0,0,2,0,0,0,0,0
1ASO09,2004-06-04,2004,spring,jun,Azov,Obytochny,1,1ASO,Lh,48,43,10,1135,M,0,0,0,0,0,1,0,0,0,0,0,0,0,0,0,0,0,0,0,0,0,0,0,0,0,0,0,0,0,0,0
1ASO10,2004-06-04,2004,spring,jun,Azov,Obytochny,1,1ASO,Lh,41,36,7,646,M,0,0,0,0,0,4,0,0,0,0,0,2,0,0,0,0,0,6,0,0,0,0,4,0,4,11,0,0,0,0,0
1ASO11,2004-06-04,2004,spring,jun,Azov,Obytochny,1,1ASO,Lh,45,40,9,970,M,0,0,0,0,0,11,0,0,0,0,0,2,0,0,0,0,3,11,0,0,0,0,3,0,5,37,0,3,0,0,0
1ASO12,2004-06-04,2004,spring,jun,Azov,Obytochny,1,1ASO,Lh,46,40,9,908,M,0,0,0,0,0,26,0,0,0,0,0,0,0,0,0,0,0,10,0,0,0,0,0,0,5,1,0,0,0,0,0
1ASO13,2004-06-05,2004,spring,jun,Azov,Obytochny,1,1ASO,Lh,45,40,8,827,M,0,0,0,0,0,5,0,0,0,0,0,0,0,0,0,0,0,0,0,0,0,0,0,0,0,0,0,0,0,0,0
1ASO14,2004-06-06,2004,spring,jun,Azov,Obytochny,1,1ASO,Lh,45,41,9,940,M,0,0,0,0,0,0,0,0,0,0,0,0,0,0,0,0,0,0,0,0,0,0,0,0,0,1,0,0,0,0,0
1ASO15,2004-06-06,2004,spring,jun,Azov,Obytochny,1,1ASO,Lh,45,40,9,1040,M,0,0,0,0,0,1,0,0,0,0,0,1,0,0,0,0,0,0,0,0,0,0,0,0,32,55,0,0,0,0,0
1ASO16,2004-06-09,2004,spring,jun,Azov,Obytochny,1,1ASO,Lh,39,35,8,633,M,0,0,0,0,0,0,0,0,0,0,0,0,0,0,0,0,0,0,0,0,0,0,0,0,4,7,0,0,0,0,0
1ASO17,2004-06-09,2004,spring,jun,Azov,Obytochny,1,1ASO,Lh,38,34,8,581,F,0,0,0,0,0,0,0,0,0,0,0,0,0,0,0,0,0,0,0,0,0,0,0,0,2,6,0,4,0,0,0
1ASO18,2004-06-09,2004,spring,jun,Azov,Obytochny,1,1ASO,Lh,43,37,8,735,M,0,0,0,0,0,0,0,0,0,0,0,0,0,0,0,0,0,0,0,0,0,0,0,0,2,5,0,0,0,0,0
1ASO19,2004-06-09,2004,spring,jun,Azov,Obytochny,1,1ASO,Lh,38,34,9,554,M,0,0,0,0,0,2,0,0,0,0,0,0,0,0,0,0,0,0,0,0,0,0,0,0,0,5,0,0,0,0,0
1ASO20,2004-06-09,2004,spring,jun,Azov,Obytochny,1,1ASO,Lh,38,34,7,568,M,0,0,0,0,0,0,0,0,0,0,0,0,0,0,0,0,0,1,0,0,0,0,0,0,4,2,1,0,0,0,0
1ASO21,2004-06-15,2004,spring,jun,Azov,Obytochny,1,1ASO,Lh,44,39,8,856,M,0,0,0,0,0,20,0,0,0,0,0,1,0,0,0,0,0,0,0,0,0,0,60,0,3,35,0,0,0,0,0
1ASO22,2004-06-15,2004,spring,jun,Azov,Obytochny,1,1ASO,Lh,39,35,8,623,M,0,0,0,0,0,0,0,0,0,0,0,0,0,0,0,0,0,0,0,0,0,0,0,0,6,3,0,0,0,0,0
1ASO23,2004-06-15,2004,spring,jun,Azov,Obytochny,1,1ASO,Lh,42,37,10,790,M,0,0,0,0,0,0,0,0,0,0,0,0,0,0,0,0,0,5,0,0,0,0,0,0,2,11,0,0,0,0,0
1ASO24,2004-06-21,2004,spring,jun,Azov,Obytochny,1,1ASO,Lh,43,37,8,705,M,0,0,0,0,0,0,0,0,0,0,0,0,0,0,0,0,4,0,0,0,0,0,0,0,12,12,0,0,0,0,0
2ASO01,2004-06-24,2004,summer,jun,Azov,Obytochny,2,2ASO,Lh,43,37,8,688,M,0,0,0,0,0,10,0,0,0,0,0,0,0,0,0,0,0,2,0,0,0,2,0,0,6,11,1,0,0,0,0
2ASO02,2004-06-24,2004,summer,jun,Azov,Obytochny,2,2ASO,Lh,44,39,8,807,M,0,0,0,0,0,32,0,0,0,0,0,0,0,0,0,0,0,20,0,0,0,0,0,2,0,3,0,2,0,0,0
2ASO03,2004-06-29,2004,summer,jun,Azov,Obytochny,2,2ASO,Lh,39,35,7,497,M,0,0,0,0,0,4,0,0,0,0,0,0,0,0,0,0,0,0,0,0,0,0,0,0,98,113,0,0,0,0,0
2ASO04,2004-06-29,2004,summer,jun,Azov,Obytochny,2,2ASO,Lh,38,33,7,577,M,0,0,0,0,0,0,0,0,0,0,0,0,0,0,0,0,0,5,0,0,0,0,0,0,9,2,0,31,0,0,0
2ASO05,2004-06-29,2004,summer,jun,Azov,Obytochny,2,2ASO,Lh,43,39,8,724,M,0,0,0,0,0,18,0,0,0,0,0,0,0,0,0,0,6,14,0,0,0,1,0,0,0,3,0,0,0,0,0
2ASO06,2004-06-29,2004,summer,jun,Azov,Obytochny,2,2ASO,Lh,49,33,13,1370,M,0,0,0,0,0,0,0,0,0,0,0,0,0,0,0,0,12,0,0,0,4,0,0,0,0,0,0,0,0,0,0
2ASO07,2004-06-29,2004,summer,jun,Azov,Obytochny,2,2ASO,Lh,47,42,10,1060,M,0,0,0,0,0,0,0,0,0,0,0,0,0,0,0,0,0,17,0,0,41,0,0,0,28,21,0,0,4,0,0
2ASO08,2004-06-29,2004,summer,jun,Azov,Obytochny,2,2ASO,Lh,52,47,9,1365,F,0,0,0,0,0,0,0,0,0,0,0,0,0,0,0,0,0,1,0,0,0,0,1,0,19,25,0,0,0,0,0
2ASO09,2004-07-04,2004,summer,jul,Azov,Obytochny,2,2ASO,Lh,29,26,5,252,J,0,0,0,0,0,0,0,0,0,0,0,0,0,0,0,0,0,48,0,0,0,0,0,0,2,0,0,0,0,0,0
2ASO10,2004-06-29,2004,summer,jun,Azov,Obytochny,2,2ASO,Lh,48,42,9,987,M,0,0,0,0,0,0,0,0,0,0,0,0,0,0,0,0,0,0,0,0,0,0,0,0,4,14,0,0,0,0,0
2ASO11,2004-07-04,2004,summer,jul,Azov,Obytochny,2,2ASO,Lh,28,25,5,242,J,0,0,0,0,0,0,0,0,0,0,0,0,0,0,0,0,0,3,0,0,0,0,0,0,0,0,1,0,0,0,0
2ASO12,2004-07-04,2004,summer,jul,Azov,Obytochny,2,2ASO,Lh,30,26,6,278,J,0,0,0,0,0,0,0,0,0,0,0,0,0,0,0,0,0,0,0,0,0,0,0,0,2,2,0,0,0,0,0
2ASO13,2004-07-04,2004,summer,jul,Azov,Obytochny,2,2ASO,Lh,28,25,6,236,J,0,0,0,0,0,0,0,0,0,0,0,0,0,0,0,0,0,0,0,0,0,0,0,0,0,1,0,0,0,0,0
2ASO14,2004-07-04,2004,summer,jul,Azov,Obytochny,2,2ASO,Lh,27,24,5,222,J,0,0,0,0,0,0,0,0,0,0,0,0,0,0,0,0,4,0,0,0,0,0,0,0,0,3,0,6,0,0,0
2ASO15,2004-07-04,2004,summer,jul,Azov,Obytochny,2,2ASO,Lh,25,22,6,190,J,0,0,0,0,0,0,0,0,0,0,0,0,0,0,0,0,0,0,0,0,0,0,0,0,2,2,0,0,0,0,0
2ASO16,2004-07-04,2004,summer,jul,Azov,Obytochny,2,2ASO,Lh,31,27,7,338,J,0,0,0,0,0,0,0,0,0,0,0,0,0,0,0,0,12,0,0,0,0,0,0,0,0,2,0,5,0,0,0
2ASO17,2004-06-29,2004,summer,jun,Azov,Obytochny,2,2ASO,Lh,49,44,9,1360,F,0,0,0,0,0,36,0,0,0,0,0,0,0,0,0,0,0,0,0,0,0,1,0,0,0,5,0,370,0,0,0
2ASO18,2004-07-04,2004,summer,jul,Azov,Obytochny,2,2ASO,Lh,29,25,6,224,J,0,0,0,0,0,0,0,0,0,0,0,0,0,0,0,0,38,0,0,0,0,0,0,0,2,6,0,0,0,0,0
2ASO19,2004-07-04,2004,summer,jul,Azov,Obytochny,2,2ASO,Lh,29,26,6,249,J,0,0,0,0,0,0,0,0,0,0,0,0,0,0,0,0,0,0,0,0,0,0,0,0,0,5,0,0,0,0,0
2ASO20,2004-06-29,2004,summer,jun,Azov,Obytochny,2,2ASO,Lh,33,29,7,450,J,0,0,0,0,0,0,0,0,0,0,0,0,0,0,0,0,0,0,0,0,0,1,0,0,0,5,0,10,0,0,0
2ASO21,2004-07-09,2004,summer,jul,Azov,Obytochny,2,2ASO,Lh,39,35,9,574,M,0,0,0,0,0,0,0,0,0,0,0,0,0,0,0,0,0,16,0,0,0,0,0,0,2,8,0,0,0,0,0
2ASO22,2004-07-09,2004,summer,jul,Azov,Obytochny,2,2ASO,Lh,38,34,8,670,F,0,0,0,0,0,0,0,0,0,0,0,0,0,0,0,0,0,0,0,0,0,0,0,0,0,9,0,0,0,0,0
2ASO23,2004-07-09,2004,summer,jul,Azov,Obytochny,2,2ASO,Lh,51,45,10,1275,F,0,0,0,0,0,0,0,0,0,0,0,0,0,0,0,0,0,0,0,0,0,0,0,0,11,16,0,0,0,0,0
2ASO24,2004-07-09,2004,summer,jul,Azov,Obytochny,2,2ASO,Lh,49,43,9,1170,F,0,0,0,0,0,0,0,0,0,0,0,0,0,0,0,0,4,15,0,0,0,0,0,0,0,4,0,0,0,0,0
2ASO25,2004-07-09,2004,summer,jul,Azov,Obytochny,2,2ASO,Lh,46,41,9,1100,F,0,0,0,0,0,0,0,0,0,0,0,0,0,0,0,0,0,2,0,0,0,0,0,0,14,90,0,0,0,0,0
1ASM01,2004-10-06,2004,fall,oct,Azov,Mariupol,1,1ASM,Lh,41,36,7,672,F,0,0,0,0,0,0,0,0,0,0,5,0,0,0,0,0,0,0,0,0,0,0,0,0,0,0,0,0,0,0,0
1ASM02,2004-10-06,2004,fall,oct,Azov,Mariupol,1,1ASM,Lh,42,37,8,699,F,0,0,0,0,0,0,0,0,0,0,0,4,0,0,0,0,1,0,0,0,0,0,0,0,0,2,0,0,0,0,0
1ASM03,2004-10-06,2004,fall,oct,Azov,Mariupol,1,1ASM,Lh,42,37,7,663,J,0,0,0,0,0,0,0,0,0,0,0,0,1,0,0,0,0,0,0,0,0,0,0,0,0,0,0,0,0,0,0
1ASM04,2004-10-06,2004,fall,oct,Azov,Mariupol,1,1ASM,Lh,42,37,8,712,J,0,0,0,0,0,0,0,0,0,0,0,1,0,0,0,0,0,0,0,0,0,0,0,0,3,7,0,1,0,0,0
1ASM05,2004-10-06,2004,fall,oct,Azov,Mariupol,1,1ASM,Lh,41,36,8,677,F,0,0,0,0,0,0,0,0,0,0,0,0,0,0,0,0,4,0,0,0,0,0,0,0,2,4,0,0,0,0,0
1ASM06,2004-10-06,2004,fall,oct,Azov,Mariupol,1,1ASM,Lh,42,36,7,684,M,0,0,0,0,0,0,0,0,0,0,0,22,0,0,0,0,1,0,0,0,0,0,0,0,3,5,0,11,0,0,0
1ASM07,2004-10-06,2004,fall,oct,Azov,Mariupol,1,1ASM,Lh,39,34,7,616,F,0,0,0,0,0,0,0,0,0,0,0,1,0,0,0,0,4,0,0,0,0,0,0,0,0,3,0,0,0,0,0
1ASM08,2004-10-06,2004,fall,oct,Azov,Mariupol,1,1ASM,Lh,42,36,7,690,F,0,0,0,0,0,0,0,0,0,0,0,0,0,0,0,0,0,0,0,0,0,0,0,0,5,6,0,0,0,0,0
1ASM09,2004-10-06,2004,fall,oct,Azov,Mariupol,1,1ASM,Lh,43,38,8,822,J,0,0,0,0,0,0,0,0,0,0,0,0,0,0,0,0,0,4,0,0,0,0,0,0,0,5,0,4,0,0,0
1ASM10,2004-10-06,2004,fall,oct,Azov,Mariupol,1,1ASM,Lh,40,35,7,626,J,0,0,0,0,0,0,0,0,0,0,0,0,12,0,0,0,0,0,0,0,0,0,0,0,12,27,0,0,0,0,0
1ASM11,2004-10-06,2004,fall,oct,Azov,Mariupol,1,1ASM,Lh,42,37,7,731,F,0,0,0,0,0,0,0,0,0,0,0,0,0,0,0,0,0,0,0,0,0,0,0,0,6,31,0,0,0,0,0
1ASM12,2004-10-06,2004,fall,oct,Azov,Mariupol,1,1ASM,Lh,41,35,8,697,F,0,0,0,0,0,2,0,0,0,0,0,0,0,0,0,0,0,0,2,0,0,0,0,0,26,11,0,0,0,0,0
1ASM13,2004-10-06,2004,fall,oct,Azov,Mariupol,1,1ASM,Lh,41,36,7,641,M,0,0,0,0,0,0,0,0,0,0,0,0,0,0,0,0,0,0,2,0,0,0,0,0,1,5,0,0,0,0,0
1ASM14,2004-10-06,2004,fall,oct,Azov,Mariupol,1,1ASM,Lh,42,36,7,718,F,0,0,0,0,0,0,0,0,0,0,0,0,0,0,0,0,0,0,0,0,0,0,0,0,4,8,0,0,0,0,0
1ASM15,2004-10-06,2004,fall,oct,Azov,Mariupol,1,1ASM,Lh,41,36,7,678,F,0,0,0,0,0,0,0,0,0,0,0,0,0,0,0,0,0,2,0,0,0,0,0,0,0,0,0,12,0,0,0
1ASM16,2004-10-06,2004,fall,oct,Azov,Mariupol,1,1ASM,Lh,40,35,7,601,F,0,0,0,0,0,1,0,0,0,0,0,5,0,0,0,0,4,0,0,0,0,0,0,0,0,2,0,0,0,0,0
1ASM18,2004-10-06,2004,fall,oct,Azov,Mariupol,1,1ASM,Lh,38,33,8,613,J,0,0,0,0,0,0,0,0,0,0,0,0,0,0,0,0,5,0,1,0,0,0,0,0,0,0,0,0,0,0,0
1ASM19,2004-10-06,2004,fall,oct,Azov,Mariupol,1,1ASM,Lh,39,35,8,619,F,0,0,0,0,0,0,0,0,0,0,0,0,0,0,0,0,0,0,0,0,0,0,0,0,3,0,0,0,0,0,0
1ASM20,2004-10-06,2004,fall,oct,Azov,Mariupol,1,1ASM,Lh,38,33,7,549,M,0,0,0,0,0,0,0,0,0,0,0,0,7,0,0,0,0,0,0,0,1,0,0,0,2,4,1,0,0,0,0
1ASM21,2004-10-06,2004,fall,oct,Azov,Mariupol,1,1ASM,Lh,39,34,7,614,J,0,0,0,0,0,0,0,0,0,0,0,0,0,0,0,0,3,0,0,5,1,0,0,0,1,2,0,12,0,0,0
1ASM22,2004-10-06,2004,fall,oct,Azov,Mariupol,1,1ASM,Lh,38,34,7,575,M,0,0,0,0,0,0,0,0,0,0,0,3,0,0,0,0,3,0,0,0,0,0,0,0,3,6,1,2,0,0,0
1ASM23,2004-10-06,2004,fall,oct,Azov,Mariupol,1,1ASM,Lh,40,35,6,550,F,0,0,0,0,0,0,0,0,0,0,2,19,0,0,0,0,0,0,3,0,0,0,0,0,0,4,0,0,0,0,0
1ASM24,2004-10-06,2004,fall,oct,Azov,Mariupol,1,1ASM,Lh,38,33,7,519,F,0,0,0,0,0,0,0,0,0,0,0,7,0,0,0,0,0,0,0,0,0,0,0,0,5,3,0,0,0,0,0
1ASM25,2004-10-06,2004,fall,oct,Azov,Mariupol,1,1ASM,Lh,40,35,6,631,F,0,0,0,0,0,0,0,0,0,0,0,0,0,0,0,0,0,0,0,0,0,0,0,0,2,8,0,0,0,0,0
1ASM26,2004-10-06,2004,fall,oct,Azov,Mariupol,1,1ASM,Lh,39,34,7,584,M,0,0,0,0,0,0,0,0,0,0,0,0,0,0,0,0,0,0,0,0,0,0,0,0,2,3,0,0,0,0,0
1ASM27,2004-10-06,2004,fall,oct,Azov,Mariupol,1,1ASM,Lh,39,35,8,636,M,0,0,0,0,0,0,0,0,0,0,0,0,0,0,0,0,0,0,0,0,0,0,0,0,0,2,0,0,0,0,0
1ASM28,2004-10-06,2004,fall,oct,Azov,Mariupol,1,1ASM,Lh,41,36,7,668,M,0,0,0,0,0,0,0,0,0,0,0,1,0,0,0,0,0,0,0,0,0,0,0,0,1,1,0,0,0,0,0
1ASU01,2009-06-27,2009,summer,jun,Azov,Utluksky,1,1ASU,Lh,34,30,7,383,J,0,0,0,0,0,0,0,0,0,0,0,3,0,0,0,0,0,0,0,0,0,0,0,0,0,9,2,0,0,0,0
1ASU04,2009-06-27,2009,summer,jun,Azov,Utluksky,1,1ASU,Lh,38,34,7,560,J,0,0,0,0,0,0,0,0,0,0,0,0,0,0,0,0,0,0,0,0,0,0,0,0,2,4,0,0,0,0,0
1ASU05,2009-06-27,2009,summer,jun,Azov,Utluksky,1,1ASU,Lh,37,34,8,522,J,0,0,0,0,0,0,0,0,0,0,0,0,0,0,0,0,0,0,0,0,0,0,0,0,0,1,0,0,0,0,0
1ASU06,2009-06-27,2009,summer,jun,Azov,Utluksky,1,1ASU,Lh,35,31,8,460,J,0,0,0,0,0,0,0,0,0,0,0,0,0,0,0,0,0,0,0,0,0,0,0,0,0,1,0,0,0,0,0
1ASU07,2009-06-27,2009,summer,jun,Azov,Utluksky,1,1ASU,Lh,37,34,7,530,J,0,0,0,0,0,0,0,0,0,0,0,0,0,0,0,0,0,0,0,0,0,0,0,0,0,2,0,0,0,0,0
1ASU08,2009-06-27,2009,summer,jun,Azov,Utluksky,1,1ASU,Lh,33,30,7,375,J,0,0,0,0,0,0,0,0,0,0,0,0,0,0,0,0,0,0,0,0,0,0,0,0,4,0,1,0,0,0,0
1ASU09,2009-06-27,2009,summer,jun,Azov,Utluksky,1,1ASU,Lh,35,31,6,428,J,0,0,0,0,0,0,0,0,0,0,0,0,0,0,0,0,0,0,0,0,0,0,0,0,3,10,0,0,0,0,0
1ASU10,2009-06-27,2009,summer,jun,Azov,Utluksky,1,1ASU,Lh,35,32,7,395,J,0,0,0,0,0,0,0,0,0,0,0,0,0,0,0,0,0,0,0,0,0,0,0,0,11,14,0,0,0,0,0
1ASU11,2009-06-27,2009,summer,jun,Azov,Utluksky,1,1ASU,Lh,40,37,8,695,J,0,0,0,0,0,0,0,0,0,0,0,0,0,0,0,0,0,0,0,0,0,0,0,0,4,5,1,0,0,0,0
1ASU14,2009-06-27,2009,summer,jun,Azov,Utluksky,1,1ASU,Lh,35,31,7,451,J,0,0,0,0,0,0,0,0,0,0,0,0,0,0,0,0,0,0,0,0,0,0,0,0,0,2,0,0,0,0,0
1ASU15,2009-06-27,2009,summer,jun,Azov,Utluksky,1,1ASU,Lh,37,33,7,514,J,0,0,0,0,0,1,0,0,0,0,0,0,0,0,0,0,0,0,0,0,0,0,0,0,6,21,0,0,0,0,0
1ASU17,2009-06-27,2009,summer,jun,Azov,Utluksky,1,1ASU,Lh,34,31,7,424,J,0,0,0,0,0,0,0,0,0,0,0,0,0,0,0,0,0,0,0,0,0,0,0,0,2,1,0,0,0,0,0
1ASU18,2009-06-27,2009,summer,jun,Azov,Utluksky,1,1ASU,Lh,36,32,7,501,J,0,0,0,0,0,0,0,0,0,0,0,1,0,0,0,0,10,0,0,0,0,0,0,0,0,5,0,0,0,0,0
1ASU20,2009-06-27,2009,summer,jun,Azov,Utluksky,1,1ASU,Lh,37,33,7,501,J,0,0,0,0,0,0,0,0,0,0,0,0,0,0,0,0,0,0,0,0,0,0,0,0,2,13,0,0,0,0,0
1ASU21,2009-06-27,2009,summer,jun,Azov,Utluksky,1,1ASU,Lh,35,31,6,415,J,0,0,0,0,0,0,0,0,0,0,0,0,0,0,0,0,0,0,0,0,0,0,0,0,0,5,1,0,0,0,0
1ASU22,2009-06-27,2009,summer,jun,Azov,Utluksky,1,1ASU,Lh,35,31,8,465,J,0,0,0,0,0,0,0,0,0,0,0,0,0,0,0,0,0,0,0,0,0,0,0,0,0,2,0,0,0,0,0
1ASU23,2009-06-27,2009,summer,jun,Azov,Utluksky,1,1ASU,Lh,37,32,7,517,J,0,0,0,2,0,0,0,0,0,0,0,0,0,0,0,0,0,0,0,0,0,0,0,0,0,4,0,0,0,0,0
1ASU24,2009-06-27,2009,summer,jun,Azov,Utluksky,1,1ASU,Lh,44,40,8,890,J,0,0,0,0,0,0,0,0,0,0,0,0,3,0,0,0,0,0,0,0,0,0,0,0,1,4,0,0,0,0,0
1ASU25,2009-06-27,2009,summer,jun,Azov,Utluksky,1,1ASU,Lh,34,31,7,474,J,0,0,0,0,0,0,0,0,0,0,0,0,0,0,0,0,0,0,0,0,0,0,0,0,0,7,0,5,0,0,0
1ASU26,2009-06-27,2009,summer,jun,Azov,Utluksky,1,1ASU,Lh,35,31,7,433,J,0,0,0,0,0,0,0,0,0,0,0,0,0,0,0,0,0,0,0,0,0,0,0,0,9,10,2,0,0,0,0
1ASU27,2009-06-27,2009,summer,jun,Azov,Utluksky,1,1ASU,Lh,35,31,7,433,J,0,0,0,0,0,0,0,0,0,0,0,0,0,0,0,0,0,0,0,0,0,0,0,0,5,8,0,0,0,0,0
1ASU28,2009-06-27,2009,summer,jun,Azov,Utluksky,1,1ASU,Lh,35,31,7,455,J,0,0,0,0,0,0,0,0,0,0,0,0,0,0,0,0,0,0,0,0,0,0,0,0,0,2,0,0,0,0,0
1ASU30,2009-06-27,2009,summer,jun,Azov,Utluksky,1,1ASU,Lh,34,30,7,442,J,0,0,0,0,0,0,0,0,0,0,0,5,0,0,0,0,0,0,0,0,0,0,0,0,3,0,0,0,0,0,0
1ASU31,2009-06-27,2009,summer,jun,Azov,Utluksky,1,1ASU,Lh,50,44,11,1250,J,0,0,0,0,0,0,0,0,0,0,0,0,0,0,0,0,0,0,0,0,0,0,0,0,8,9,0,0,0,0,0
1ASU32,2009-07-06,2009,summer,jul,Azov,Utluksky,1,1ASU,Lh,60,54,13,2465,M,0,0,0,0,0,0,0,0,0,0,6,12,0,0,0,0,42,0,0,0,0,1,0,0,0,0,0,0,0,0,0
1ASU33,2009-07-06,2009,summer,jul,Azov,Utluksky,1,1ASU,Lh,43,37,9,765,J,0,0,0,0,0,0,0,0,0,0,0,0,0,0,0,0,440,0,0,0,0,0,0,0,3,10,0,10,0,0,0
1ASU34,2009-07-06,2009,summer,jul,Azov,Utluksky,1,1ASU,Lh,51,44,13,1350,M,0,0,0,0,0,0,0,0,0,0,0,4,1,0,0,0,0,0,0,0,0,0,0,0,6,9,0,0,0,0,0
1ASU35,2009-07-12,2009,summer,jul,Azov,Utluksky,1,1ASU,Lh,65,59,12,2310,F,0,0,0,0,0,0,0,0,0,0,0,0,0,0,0,0,1,0,0,0,0,1,0,0,2,0,0,0,0,0,0
1ASU37,2009-07-15,2009,summer,jul,Azov,Utluksky,1,1ASU,Lh,68,60,15,2900,F,0,0,0,0,0,0,0,0,0,0,0,0,0,0,0,0,0,0,0,0,0,0,0,0,2,12,0,0,0,0,0
2ASU03,2011-10-15,2011,fall,oct,Azov,Utluksky,2,2ASU,Lh,36,32,5,438,J,0,0,0,0,0,0,0,0,0,0,0,1,0,0,0,15,98,0,1,0,0,0,0,0,2,1,0,0,0,0,0
2ASU04,2011-10-15,2011,fall,oct,Azov,Utluksky,2,2ASU,Lh,36,32,6,406,J,0,0,0,0,0,0,0,0,0,0,0,0,0,0,0,0,10,0,1,0,0,0,0,0,6,15,0,0,0,0,0
2ASU05,2011-11-20,2011,fall,nov,Azov,Utluksky,2,2ASU,Lh,44,39,8,739,J,0,0,0,0,0,0,0,0,0,0,0,0,0,0,0,0,28,0,1,0,0,1,0,0,19,83,4,0,0,0,0
2ASU06,2011-11-20,2011,fall,nov,Azov,Utluksky,2,2ASU,Lh,43,40,9,668,J,0,0,0,0,0,0,0,0,0,0,0,6,0,0,0,0,0,0,0,0,0,0,0,0,0,2,0,1,0,0,0
2ASU07,2011-11-20,2011,fall,nov,Azov,Utluksky,2,2ASU,Lh,39,35,9,613,J,0,0,0,0,0,0,0,0,0,0,0,0,0,0,0,0,0,0,2,0,0,0,0,0,11,23,0,0,0,0,0
2ASU08,2011-11-20,2011,fall,nov,Azov,Utluksky,2,2ASU,Lh,50,44,11,1265,J,0,0,0,0,0,0,0,0,0,0,0,0,0,0,0,0,0,0,1,0,0,0,0,0,2,2,0,0,0,0,0
2ASU09,2011-11-20,2011,fall,nov,Azov,Utluksky,2,2ASU,Lh,42,37,8,648,J,0,0,0,0,0,0,0,0,0,0,0,0,0,0,0,0,0,0,0,0,0,0,0,0,81,56,0,0,0,0,0
2ASU10,2011-11-20,2011,fall,nov,Azov,Utluksky,2,2ASU,Lh,42,38,9,734,J,0,0,0,0,0,0,0,0,0,0,0,0,0,0,0,0,0,0,0,0,0,0,0,0,6,3,0,0,0,0,0
2ASU11,2011-11-20,2011,fall,nov,Azov,Utluksky,2,2ASU,Lh,35,31,7,400,J,0,0,0,0,0,0,0,0,0,0,0,0,0,0,0,3,39,5,1,0,0,0,0,0,8,31,3,0,0,0,0
2ASU12,2011-11-20,2011,fall,nov,Azov,Utluksky,2,2ASU,Lh,37,34,7,459,J,0,0,0,0,0,0,0,0,0,0,0,0,0,0,0,0,0,0,1,0,0,0,0,0,2,4,0,0,0,0,0
2ASU13,2011-11-20,2011,fall,nov,Azov,Utluksky,2,2ASU,Lh,42,37,8,615,J,0,0,0,0,0,0,0,0,0,0,0,1,0,0,0,5,45,12,1,0,0,0,0,0,19,27,0,0,0,0,0
2ASU14,2011-11-20,2011,fall,nov,Azov,Utluksky,2,2ASU,Lh,39,34,8,501,J,0,0,0,0,0,0,0,0,0,0,0,0,0,0,0,0,0,0,0,0,0,1,0,0,6,22,0,0,0,0,0
1ASMO01,1998-04-27,1998,spring,apr,Azov,Molochny,1,1ASMO,Lh,61,55,NA,NA,M,0,0,0,0,0,0,0,0,0,0,0,0,0,0,0,0,0,0,0,0,7,0,0,0,0,0,0,0,0,0,0
1ASMO02,1998-05-02,1998,spring,may,Azov,Molochny,1,1ASMO,Lh,51,45,NA,NA,M,0,0,0,0,0,0,0,0,0,0,0,0,0,0,0,0,0,0,0,0,0,0,4,32,1,0,0,0,0,0,0
1ASMO03,1998-05-05,1998,spring,may,Azov,Molochny,1,1ASMO,Lh,56,50,NA,NA,NA,0,0,0,0,0,0,0,0,0,0,0,0,0,0,0,0,0,0,0,0,0,0,120,912,208,88,0,0,0,0,0
1ASMO04,1998-05-08,1998,spring,may,Azov,Molochny,1,1ASMO,Lh,56,51,NA,2150,NA,0,0,0,0,0,0,0,0,0,0,0,0,3,0,0,0,0,0,0,0,25,0,0,114,20,0,0,0,0,0,0
1ASMO05,1998-05-21,1998,spring,may,Azov,Molochny,1,1ASMO,Lh,65,57,NA,3200,F,0,0,0,0,0,0,0,0,0,0,0,0,0,0,0,0,0,0,0,0,0,0,8,7,127,125,0,0,0,0,0
1ASMO06,1998-05-23,1998,spring,may,Azov,Molochny,1,1ASMO,Lh,52,48,NA,2100,M,0,0,0,0,0,0,0,0,0,0,0,0,0,0,0,0,0,0,0,0,0,0,2,0,4,5,0,0,0,0,0
1ASMO07,1998-05-26,1998,spring,may,Azov,Molochny,1,1ASMO,Lh,61,54,NA,NA,F,0,0,0,0,0,0,0,0,0,0,0,4,0,0,0,0,0,0,0,0,2,0,0,18,21,50,0,0,0,0,0
1ASMO08,1998-05-29,1998,spring,may,Azov,Molochny,1,1ASMO,Lh,51,46,NA,2650,M,0,0,0,0,0,1,0,0,0,0,0,0,0,0,0,0,0,0,0,0,0,0,32,0,516,220,136,0,0,0,0
1ASMO09,1998-06-01,1998,spring,jun,Azov,Molochny,1,1ASMO,Lh,72,65,NA,3700,F,0,0,0,0,0,0,0,0,0,0,0,0,0,0,0,0,0,0,0,0,2,0,11,0,11,12,0,0,0,0,0
1ASMO10,1998-06-01,1998,spring,jun,Azov,Molochny,1,1ASMO,Lh,62,55,NA,2100,M,0,0,0,0,0,0,0,0,0,0,2,0,0,0,0,0,0,0,0,0,0,0,5,0,9,18,0,0,0,0,0
1ASMO11,1998-06-02,1998,spring,jun,Azov,Molochny,1,1ASMO,Lh,68,63,NA,2800,F,0,0,0,0,0,0,0,0,0,0,1,0,0,0,0,0,0,0,0,0,0,0,0,0,5,10,0,0,0,0,0
1ASMO12,1998-06-04,1998,spring,jun,Azov,Molochny,1,1ASMO,Lh,58,52,NA,2400,M,0,0,0,0,0,0,0,0,0,0,0,0,0,0,0,0,3,0,0,0,24,0,0,0,2,5,0,0,0,0,0
1ASMO13,1998-06-05,1998,spring,jun,Azov,Molochny,1,1ASMO,Lh,64,58,NA,3850,F,0,0,0,0,0,0,0,0,0,0,0,0,0,0,0,0,0,0,0,0,0,0,6,0,26,53,0,0,0,0,0
1ASMO14,1998-06-06,1998,spring,jun,Azov,Molochny,1,1ASMO,Lh,54,48,NA,1600,F,0,0,0,0,0,0,0,0,0,0,0,0,1,0,0,0,0,0,0,0,5,0,22,0,41,27,0,0,0,0,0
1ASMO15,1998-06-08,1998,spring,jun,Azov,Molochny,1,1ASMO,Lh,52,47,NA,1250,F,0,0,0,0,0,0,0,0,0,0,0,1,0,0,0,0,0,0,0,0,23,0,1,0,23,69,0,0,0,0,0
1ASMO16,1998-06-09,1998,spring,jun,Azov,Molochny,1,1ASMO,Lh,71,65,NA,3400,F,0,0,0,0,0,0,0,0,0,0,0,1,0,0,0,0,0,0,0,0,0,0,0,0,0,0,0,0,0,0,0
1ASMO17,1998-06-13,1998,spring,jun,Azov,Molochny,1,1ASMO,Lh,66,60,NA,3300,F,0,0,0,0,0,1,0,0,0,0,0,0,0,0,0,3,5,0,0,0,0,0,15,2,4,2,0,0,0,0,0
1ASMO18,1998-06-14,1998,spring,jun,Azov,Molochny,1,1ASMO,Lh,51,47,NA,1000,M,0,0,0,0,0,0,0,0,0,0,0,0,0,0,0,0,0,0,0,0,0,0,0,0,9,4,0,0,0,0,0
1ASMO19,1998-06-16,1998,spring,jun,Azov,Molochny,1,1ASMO,Lh,61,55,NA,1950,M,0,0,0,0,0,0,0,0,0,0,5,0,0,0,0,0,1,0,6,0,0,0,7,0,206,90,0,0,0,0,18
1ASMO20,1998-06-16,1998,spring,jun,Azov,Molochny,1,1ASMO,Lh,64,58,NA,2150,M,0,0,0,0,0,0,0,0,0,0,0,0,0,0,0,0,0,0,0,0,0,0,0,0,45,20,0,0,0,0,0
2ASMO01,1998-07-16,1998,summer,jul,Azov,Molochny,2,2ASMO,Lh,51,43,NA,NA,NA,0,0,0,0,0,0,0,0,0,0,0,0,0,0,0,0,5,0,0,0,7,0,0,0,5,2,0,5,0,0,37
2ASMO02,1998-08-19,1998,summer,aug,Azov,Molochny,2,2ASMO,Lh,60,NA,NA,NA,M,0,0,0,0,0,0,0,0,0,0,2,0,0,0,0,0,0,0,0,0,5,0,0,0,0,0,0,0,0,0,0
2ASMO03,1998-08-20,1998,summer,aug,Azov,Molochny,2,2ASMO,Lh,28,26,NA,147,J,0,0,0,0,0,0,0,0,0,0,0,3,0,0,0,0,0,0,0,0,1,0,0,0,15,34,0,0,0,0,0
3ASMO01,1998-10-06,1998,fall,oct,Azov,Molochny,3,3ASMO,Lh,NA,NA,NA,NA,M,0,0,0,0,0,0,0,0,0,0,0,1,0,0,0,0,0,0,0,0,1,1,0,0,0,0,0,0,0,0,5
3ASMO02,1998-10-07,1998,fall,oct,Azov,Molochny,3,3ASMO,Lh,NA,NA,NA,NA,F,0,0,0,0,0,0,0,0,0,0,6,0,0,0,0,2,4,0,0,0,1,0,0,0,27,11,0,0,0,0,0
3ASMO03,1998-10-08,1998,fall,oct,Azov,Molochny,3,3ASMO,Lh,NA,NA,NA,NA,NA,0,0,0,0,0,0,0,0,0,0,0,8,0,0,0,0,0,0,0,0,3,0,14,0,19,9,0,0,0,0,0
3ASMO04,1998-10-09,1998,fall,oct,Azov,Molochny,3,3ASMO,Lh,NA,NA,NA,NA,NA,0,0,0,0,0,0,0,0,0,0,0,0,0,0,0,0,9,0,0,0,5,0,0,0,5,2,0,0,0,0,0
3ASMO05,1998-10-10,1998,fall,oct,Azov,Molochny,3,3ASMO,Lh,NA,NA,NA,NA,NA,0,0,0,0,0,0,0,0,0,0,3,0,0,0,0,0,0,0,0,0,0,0,1,0,8,4,0,0,0,0,0
3ASMO06,1998-10-11,1998,fall,oct,Azov,Molochny,3,3ASMO,Lh,NA,NA,NA,NA,NA,0,0,0,0,0,0,0,0,0,0,2,6,0,0,0,6,5,2,0,0,0,0,0,0,22,9,0,0,1,0,0
3ASMO07,1998-10-12,1998,fall,oct,Azov,Molochny,3,3ASMO,Lh,NA,NA,NA,NA,NA,0,0,0,0,0,0,0,0,0,0,0,0,0,0,9,0,0,0,0,0,6,0,17,0,6,3,0,0,0,0,0
3ASMO08,1998-10-16,1998,fall,oct,Azov,Molochny,3,3ASMO,Lh,NA,NA,NA,NA,NA,0,0,0,0,0,0,0,0,0,0,0,0,0,0,0,0,0,0,0,0,0,0,8,0,2,5,0,0,2,0,0
3ASMO09,1998-10-16,1998,fall,oct,Azov,Molochny,3,3ASMO,Lh,NA,NA,NA,NA,NA,0,0,0,0,0,0,0,0,0,0,0,3,0,0,0,0,6,0,0,0,0,0,0,0,4,10,0,0,0,0,0
3ASMO10,1998-11-18,1998,fall,nov,Azov,Molochny,3,3ASMO,Lh,48,44,NA,NA,M,0,0,0,0,0,0,0,0,0,0,0,0,0,0,0,0,0,0,5,0,6,0,0,0,0,0,0,0,0,0,0
3ASMO11,1998-11-19,1998,fall,nov,Azov,Molochny,3,3ASMO,Lh,38,33,NA,NA,J,0,0,0,0,0,0,0,0,0,0,0,0,0,0,0,0,0,0,134,0,3,0,0,0,5,7,0,0,0,0,0
3ASMO12,1998-11-19,1998,fall,nov,Azov,Molochny,3,3ASMO,Lh,54,47,NA,1520,F,0,0,0,0,0,0,0,0,0,0,0,0,0,0,0,0,7,0,3,0,0,0,0,0,22,10,0,0,0,0,11
3ASMO13,1998-11-25,1998,fall,nov,Azov,Molochny,3,3ASMO,Lh,67,62,NA,3250,F,0,0,0,0,0,0,0,0,0,0,0,0,0,0,0,0,5,0,0,0,1,0,0,33,96,40,0,0,0,0,3
3ASMO14,1998-11-28,1998,fall,nov,Azov,Molochny,3,3ASMO,Lh,54,47,NA,1520,F,0,0,0,0,0,0,0,0,0,0,0,0,0,0,0,0,1,0,2,0,0,0,0,0,15,33,0,0,0,0,7
4ASMO02,1999-05-24,1999,spring,may,Azov,Molochny,4,4ASMO,Lh,NA,NA,NA,NA,F,0,0,0,0,0,1,0,0,0,0,0,0,0,0,0,4,0,0,0,0,0,0,16,0,31,11,0,0,0,0,0
4ASMO03,1999-05-24,1999,spring,may,Azov,Molochny,4,4ASMO,Lh,NA,NA,NA,NA,F,0,0,0,0,0,2,0,0,0,0,0,0,0,0,0,9,0,0,0,0,5,0,9,0,5,0,0,0,0,0,0
4ASMO04,1999-06-04,1999,spring,jun,Azov,Molochny,4,4ASMO,Lh,56,50,NA,2350,F,0,0,0,0,0,14,0,0,0,0,0,1,0,0,0,5,7,0,0,0,5,0,38,0,50,21,2,0,0,0,0
4ASMO05,1999-06-04,1999,spring,jun,Azov,Molochny,4,4ASMO,Lh,56,50,NA,1400,M,0,0,0,0,0,2,0,0,0,0,0,1,0,0,0,0,19,2,0,0,3,0,29,0,30,14,3,0,0,0,0
4ASMO06,1999-06-07,1999,spring,jun,Azov,Molochny,4,4ASMO,Lh,54,48,NA,1400,F,0,0,0,0,0,7,0,0,0,0,0,0,0,0,0,30,26,8,3,0,0,1,17,5,35,24,0,0,0,0,0
5ASMO07,1999-06-23,1999,summer,jun,Azov,Molochny,5,5ASMO,Lh,48,41,NA,900,M,0,0,0,0,0,0,0,0,0,0,0,1,0,0,0,11,0,0,0,0,9,0,0,0,116,94,0,1,0,0,0
5ASMO08,1999-06-24,1999,summer,jun,Azov,Molochny,5,5ASMO,Lh,50,43,NA,830,F,0,0,0,0,0,0,0,0,0,0,0,0,0,0,0,10,7,0,0,0,5,0,0,0,20,4,0,0,0,0,0
5ASMO09,1999-06-25,1999,summer,jun,Azov,Molochny,5,5ASMO,Lh,59,58,NA,870,M,0,0,0,0,0,0,0,0,0,0,0,0,0,0,0,8,0,0,0,0,3,0,0,0,0,0,0,0,0,0,0
5ASMO10,1999-06-26,1999,summer,jun,Azov,Molochny,5,5ASMO,Lh,50,45,NA,1100,M,0,0,0,0,0,0,0,0,0,0,0,1,0,0,0,0,0,0,0,0,0,0,0,0,53,15,0,0,0,0,0
5ASMO11,1999-06-27,1999,summer,jun,Azov,Molochny,5,5ASMO,Lh,51,46,NA,1150,F,0,0,0,0,0,1,0,0,0,0,0,3,0,0,0,0,0,6,0,0,0,0,7,0,31,6,0,0,0,0,0
5ASMO12,1999-06-28,1999,summer,jun,Azov,Molochny,5,5ASMO,Lh,67,58,NA,2800,M,0,0,0,0,0,0,0,0,0,0,0,0,0,0,0,6,0,0,0,0,7,0,0,0,26,20,0,0,0,0,0
5ASMO13,1999-07-25,1999,summer,jul,Azov,Molochny,5,5ASMO,Lh,47,42,NA,1240,J,0,0,0,0,0,0,0,0,0,0,0,7,0,0,0,0,0,0,0,0,2,0,0,0,4,2,0,0,0,0,0
5ASMO14,1999-07-26,1999,summer,jul,Azov,Molochny,5,5ASMO,Lh,40,35,NA,660,J,0,0,0,0,0,0,0,0,0,0,0,0,0,0,0,0,0,0,2,0,1,0,0,0,3,0,0,0,0,0,0
5ASMO15,1999-07-26,1999,summer,jul,Azov,Molochny,5,5ASMO,Lh,38,33,NA,540,J,0,0,0,0,0,0,0,0,0,0,0,23,9,0,0,5,0,0,0,0,0,0,0,0,0,0,0,0,0,0,0
5ASMO16,1999-07-27,1999,summer,jul,Azov,Molochny,5,5ASMO,Lh,48,42,NA,1250,J,0,0,0,0,0,0,0,0,0,0,0,5,0,0,0,0,0,0,0,0,3,0,0,0,5,2,0,0,0,0,0
5ASMO17,1999-07-27,1999,summer,jul,Azov,Molochny,5,5ASMO,Lh,40,35,NA,600,J,0,0,0,1,0,0,0,0,0,0,0,0,0,0,0,0,0,0,4,0,1,0,0,0,3,1,0,0,0,0,0
5ASMO18,1999-08-02,1999,summer,aug,Azov,Molochny,5,5ASMO,Lh,25,21,NA,129,J,0,0,0,0,0,0,0,0,0,0,0,0,0,0,0,0,0,0,0,0,2,0,0,0,10,8,0,0,2,0,4
5ASMO19,1999-08-02,1999,summer,aug,Azov,Molochny,5,5ASMO,Lh,25,20,NA,186,J,0,0,0,0,0,0,0,0,0,0,0,0,0,0,0,0,0,0,0,0,0,0,0,0,0,8,0,0,0,0,0
5ASMO20,1999-08-02,1999,summer,aug,Azov,Molochny,5,5ASMO,Lh,25,25,NA,130,J,0,0,0,0,0,0,0,0,0,0,0,0,0,0,0,0,0,0,0,0,1,0,0,0,5,6,0,0,3,0,2
5ASMO21,1999-08-02,1999,summer,aug,Azov,Molochny,5,5ASMO,Lh,24,24,NA,180,J,0,0,0,0,0,0,0,0,0,0,0,0,0,0,0,0,0,0,0,0,0,0,0,0,10,7,0,0,0,0,0
