,Date,Year,Season,Month,Region,Locality,Sampling,LocxSam,Hostsp,TL,SL,H,W,Sex,Ldom,Lpac,Lche,Labd,Lcha,Ssp1,Step,Hsp1,Hsp2,Sove,Sseg,Pmug,Pfle,Lhsp,Hbiv,Hssp,Nyam,Ntyl,Cumu,Gmug,Gzhu,Llle,Lpil,Lkao,Ltri,Lmir,Pbig
1JCK01,2004-06-13,2004,spring,jun,Japan,Kiyevka,1,1JCK,Mc,44,37,8,680,M,56,43,6,0,0,0,0,0,0,0,0,0,1,12,0,1,15,0,0,0,0,0,0,0,0,0,0
1JCK02,2004-06-13,2004,spring,jun,Japan,Kiyevka,1,1JCK,Mc,45,37,8,660,M,0,4,7,3,0,0,0,3,0,0,0,0,0,6,0,0,0,0,0,0,0,0,0,0,0,0,0
1JCK03,2004-06-13,2004,spring,jun,Japan,Kiyevka,1,1JCK,Mc,47,40,9,920,M,0,12,0,0,0,0,0,9,0,0,0,0,0,3,0,0,0,0,0,0,0,0,0,0,0,0,0
1JCK04,2004-06-13,2004,spring,jun,Japan,Kiyevka,1,1JCK,Mc,45,38,8,730,M,89,151,169,2,24,0,0,0,0,0,0,0,0,0,0,0,0,0,0,0,0,0,0,0,0,0,0
1JCK05,2004-06-13,2004,spring,jun,Japan,Kiyevka,1,1JCK,Mc,45,38,9,780,M,0,1,0,0,0,0,0,0,0,0,0,1,0,3,0,0,0,2,0,0,0,0,0,0,0,0,0
1JCK06,2004-06-13,2004,spring,jun,Japan,Kiyevka,1,1JCK,Mc,46,38,9,740,F,0,0,0,0,0,0,0,0,0,0,0,0,1,0,0,0,21,0,0,0,0,0,0,0,0,0,0
1JCK07,2004-06-13,2004,spring,jun,Japan,Kiyevka,1,1JCK,Mc,48,40,8,780,M,0,0,0,0,0,1,0,0,0,0,0,0,1,0,0,0,0,0,0,0,0,0,0,0,0,0,0
1JCK08,2004-06-13,2004,spring,jun,Japan,Kiyevka,1,1JCK,Mc,45,38,8,770,F,5,6,9,0,0,0,0,0,0,0,0,12,0,18,0,0,0,0,0,0,0,0,0,0,0,0,0
1JCK09,2004-06-13,2004,spring,jun,Japan,Kiyevka,1,1JCK,Mc,46,38,8,780,M,13,3,3,0,0,0,0,40,0,0,0,30,0,15,0,0,0,0,1,0,0,0,0,0,0,0,0
1JCK10,2004-06-13,2004,spring,jun,Japan,Kiyevka,1,1JCK,Mc,48,41,9,940,F,25,5,31,0,1,7,2,0,0,0,0,0,0,0,0,0,0,0,0,0,0,0,0,0,0,0,0
1JCK11,2004-06-13,2004,spring,jun,Japan,Kiyevka,1,1JCK,Mc,45,38,8,700,M,10,3,19,0,0,6,1,0,0,0,0,0,0,2,0,0,1,0,0,0,0,0,0,0,0,0,0
1JCK12,2004-06-13,2004,spring,jun,Japan,Kiyevka,1,1JCK,Mc,45,38,8,730,M,2,0,0,0,0,0,0,0,0,10,0,10,0,21,0,0,0,0,0,0,0,0,0,0,0,0,0
1JCK13,2004-06-13,2004,spring,jun,Japan,Kiyevka,1,1JCK,Mc,49,41,9,910,M,12,5,2,0,0,1,0,0,0,0,0,8,0,4,0,0,2,0,3,0,0,0,0,0,0,0,0
1JCK14,2004-06-13,2004,spring,jun,Japan,Kiyevka,1,1JCK,Mc,46,40,8,810,F,3,6,7,0,0,0,0,0,0,0,0,0,0,0,0,0,0,0,3,0,0,0,0,0,0,0,0
1JCK15,2004-06-13,2004,spring,jun,Japan,Kiyevka,1,1JCK,Mc,46,38,8,750,F,2,13,14,0,0,0,17,70,0,0,0,0,0,48,0,0,1,0,1,0,0,0,0,0,0,0,0
1JCK16,2004-06-13,2004,spring,jun,Japan,Kiyevka,1,1JCK,Mc,42,35,7,620,M,6,19,17,0,3,0,0,0,0,0,0,0,0,15,0,0,0,0,0,0,0,0,0,0,0,0,0
1JCK17,2004-06-13,2004,spring,jun,Japan,Kiyevka,1,1JCK,Mc,43,36,8,650,M,11,15,17,1,0,0,0,0,0,0,0,0,0,0,0,0,0,0,1,0,0,0,0,0,0,0,0
1JCK18,2004-06-13,2004,spring,jun,Japan,Kiyevka,1,1JCK,Mc,49,40,9,1050,F,71,177,352,26,0,0,0,0,0,0,0,0,0,11,0,0,19,0,0,0,0,0,0,0,0,0,0
1JCK19,2004-06-13,2004,spring,jun,Japan,Kiyevka,1,1JCK,Mc,43,36,8,670,F,3,19,16,0,0,1,0,0,0,0,0,489,0,0,2,0,1,0,0,0,0,0,0,0,0,0,0
1JCK20,2004-06-13,2004,spring,jun,Japan,Kiyevka,1,1JCK,Mc,41,35,8,790,F,5,0,2,0,0,0,1,0,0,0,0,17,1,0,0,0,0,1,0,0,0,0,0,0,0,0,0
1JCK21,2004-06-13,2004,summer,jun,Japan,Kiyevka,1,1JCK,Mc,40,34,8,650,F,0,0,0,0,0,0,0,0,0,0,0,0,0,0,0,0,0,3,0,0,0,0,0,0,0,0,0
2JCK01,2004-07-13,2004,summer,jul,Japan,Kiyevka,2,2JCK,Mc,43,36,7,550,F,0,0,0,0,0,0,0,1,0,0,0,0,0,0,0,0,0,0,14,0,0,0,0,0,0,0,0
2JCK02,2004-07-20,2004,summer,jul,Japan,Kiyevka,2,2JCK,Mc,38,32,8,610,M,0,0,1,0,0,0,0,0,0,0,0,48,1,0,0,49,32,0,0,0,0,0,0,0,0,0,0
2JCK03,2004-07-20,2004,summer,jul,Japan,Kiyevka,2,2JCK,Mc,43,36,9,800,M,12,11,8,0,0,0,0,0,0,0,3,0,0,0,0,0,0,0,0,0,0,0,0,0,0,0,0
2JCK05,2004-07-10,2004,summer,jul,Japan,Kiyevka,2,2JCK,Mc,44,37,8,700,F,0,0,1,0,0,0,0,3,0,0,0,0,0,0,0,0,1,0,0,0,0,0,0,0,0,0,0
2JCK06,2004-07-10,2004,summer,jul,Japan,Kiyevka,2,2JCK,Mc,50,42,9,940,F,0,0,0,0,0,0,0,0,10,0,0,0,0,4,0,0,0,0,2,0,0,0,0,0,0,0,0
2JCK07,2004-07-10,2004,summer,jul,Japan,Kiyevka,2,2JCK,Mc,47,38,8,680,M,0,0,0,0,0,0,0,0,0,5,0,0,72,18,0,0,0,0,0,0,0,0,0,0,0,0,0
3JCK01,2005-05-31,2005,spring,may,Japan,Kiyevka,3,3JCK,Mc,50,42,8,1000,M,3,4,3,0,0,0,0,0,0,0,0,0,0,0,0,0,1,0,0,0,0,0,0,0,0,0,0
3JCK02,2005-06-17,2005,spring,jun,Japan,Kiyevka,3,3JCK,Mc,42,35,8,630,M,7,15,3,0,0,0,0,0,0,0,0,0,0,0,0,0,43,25,0,0,0,0,0,0,0,0,0
3JCK03,2005-06-17,2005,spring,jun,Japan,Kiyevka,3,3JCK,Mc,45,39,7,800,F,0,0,0,0,0,0,2,300,3,0,0,0,0,0,0,0,10,0,0,0,0,0,0,0,0,0,0
3JCK04,2005-06-17,2005,spring,jun,Japan,Kiyevka,3,3JCK,Mc,43,37,7,680,J,18,18,29,3,0,0,0,5,0,2,0,0,0,0,0,0,0,0,0,0,0,0,0,0,0,0,0
4JCK01,2005-06-23,2005,summer,jun,Japan,Kiyevka,4,4JCK,Mc,40,34,7,560,M,0,0,0,0,0,0,0,0,0,0,0,1,0,5,0,0,0,0,0,0,0,0,0,0,0,0,0
4JCK02,2005-06-23,2005,summer,jun,Japan,Kiyevka,4,4JCK,Mc,45,38,8,870,F,1,14,5,1,0,0,0,0,0,0,10,0,0,0,0,0,0,0,1,0,0,0,0,0,0,0,0
4JCK03,2005-06-23,2005,summer,jun,Japan,Kiyevka,4,4JCK,Mc,45,38,8,770,F,5,3,6,0,2,0,0,0,0,0,0,0,0,0,0,0,0,0,0,0,0,0,0,0,0,0,0
4JCK04,2005-06-23,2005,summer,jun,Japan,Kiyevka,4,4JCK,Mc,42,35,8,660,F,0,2,0,0,0,0,0,0,0,0,0,0,0,0,0,0,0,0,6,0,0,0,0,0,0,0,0
4JCK06,2005-06-23,2005,summer,jun,Japan,Kiyevka,4,4JCK,Mc,41,35,7,600,M,0,0,0,0,0,0,2,0,0,0,0,0,0,4,0,0,0,0,0,0,0,0,0,0,0,0,0
4JCK07,2005-06-23,2005,summer,jun,Japan,Kiyevka,4,4JCK,Mc,40,34,8,650,J,1,0,1,0,0,0,0,0,0,0,0,0,0,0,0,0,0,0,0,0,0,0,0,0,0,0,0
4JCK08,2005-06-23,2005,summer,jun,Japan,Kiyevka,4,4JCK,Mc,38,32,7,460,F,13,28,17,3,0,0,0,0,0,0,0,2,0,24,0,0,1,0,0,0,0,0,0,0,0,0,0
4JCK09,2005-06-23,2005,summer,jun,Japan,Kiyevka,4,4JCK,Mc,44,36,8,850,M,2,7,3,0,0,0,0,0,0,0,1,0,0,0,0,0,68,16,0,0,0,0,0,0,0,0,0
4JCK10,2005-07-27,2005,summer,jul,Japan,Kiyevka,4,4JCK,Mc,44,37,9,1050,F,0,0,0,0,0,0,0,0,0,0,0,0,0,0,0,0,0,0,1,0,0,0,0,0,0,0,0
4JCK11,2005-07-27,2005,summer,jul,Japan,Kiyevka,4,4JCK,Mc,45,38,8,1000,F,0,0,0,0,0,0,5,0,0,0,0,0,0,0,0,0,0,0,0,0,0,0,0,0,0,0,0
4JCK12,2005-07-27,2005,summer,jul,Japan,Kiyevka,4,4JCK,Mc,50,40,9,1010,M,6,2,2,0,0,0,5,0,53,0,0,0,0,0,0,0,0,0,0,0,0,0,0,0,0,0,0
4JCK13,2005-07-27,2005,summer,jul,Japan,Kiyevka,4,4JCK,Mc,47,40,9,1010,F,113,133,124,9,12,0,0,0,0,0,0,0,0,0,0,0,0,0,2,0,0,0,0,0,0,0,0
4JCK14,2005-07-27,2005,summer,jul,Japan,Kiyevka,4,4JCK,Mc,49,41,9,1120,F,0,1,0,0,0,0,1,0,0,0,0,0,0,0,0,0,0,0,0,0,0,0,0,0,0,0,0
4JCK15,2005-07-27,2005,summer,jul,Japan,Kiyevka,4,4JCK,Mc,47,40,9,1100,F,2,0,0,0,0,0,0,0,0,1,0,0,0,0,0,0,0,0,0,0,0,0,0,0,0,0,0
4JCK16,2005-07-27,2005,summer,jul,Japan,Kiyevka,4,4JCK,Mc,48,41,10,1040,F,14,2,9,0,1,0,0,0,0,0,0,0,0,0,0,0,0,1,0,0,0,0,0,0,0,0,0
4JCK17,2005-08-01,2005,summer,aug,Japan,Kiyevka,4,4JCK,Mc,52,44,13,1450,F,0,2,0,0,0,1,0,0,0,0,0,0,0,0,0,0,0,0,0,0,0,0,0,0,0,0,0
4JCK18,NA,2005,summer,NA,Japan,Kiyevka,4,4JCK,Mc,43,35,7,810,NA,2,11,10,0,0,0,0,200,0,0,0,0,0,0,0,0,0,0,0,0,0,0,0,0,0,0,0
4JCK19,2005-08-15,2005,summer,aug,Japan,Kiyevka,4,4JCK,Mc,51,44,11,1500,F,6,3,9,0,0,0,0,0,0,0,0,4,200,0,0,0,0,0,0,0,0,0,0,0,0,0,0
4JCK20,2005-08-10,2005,summer,aug,Japan,Kiyevka,4,4JCK,Mc,43,38,9,830,M,11,4,2,0,0,1,0,1,0,0,0,0,0,0,0,0,0,0,0,0,0,0,0,0,0,0,0
4JCK21,2005-08-10,2005,summer,aug,Japan,Kiyevka,4,4JCK,Mc,44,38,9,860,M,1,5,3,0,0,0,0,1,0,0,0,0,0,0,0,0,0,0,0,0,0,0,0,0,0,0,0
4JCK22,2005-08-10,2005,summer,aug,Japan,Kiyevka,4,4JCK,Mc,43,36,9,730,F,4,2,7,0,0,0,0,5,0,2,0,0,0,0,5,88,0,0,0,0,0,0,0,0,0,0,0
4JCK23,2005-08-10,2005,summer,aug,Japan,Kiyevka,4,4JCK,Mc,43,37,9,880,M,4,14,15,0,0,0,0,5,0,0,0,0,0,0,0,0,59,9,1,0,0,0,0,0,0,0,0
4JCK24,2005-08-10,2005,summer,aug,Japan,Kiyevka,4,4JCK,Mc,48,39,9,950,F,3,8,4,0,0,1,0,0,0,0,0,0,0,0,0,0,3,0,0,0,0,0,0,0,0,0,0
4JCK25,2005-08-15,2005,summer,aug,Japan,Kiyevka,4,4JCK,Mc,46,38,9,990,M,18,56,60,12,3,0,0,10,0,0,0,42,3,0,0,0,0,0,0,0,0,0,0,0,0,0,0
4JCK26,2005-08-10,2005,summer,aug,Japan,Kiyevka,4,4JCK,Mc,47,38,9,900,M,2,0,3,0,0,0,0,5,0,0,0,0,0,0,0,0,0,0,0,0,0,0,0,0,0,0,0
1JSR01,2004-06-15,2004,spring,jun,Japan,Razdolnaya,1,1JSR,Lh,32,30,7,455,F,0,0,0,0,0,0,0,0,0,0,0,0,0,0,0,0,0,0,0,0,0,2,0,0,0,0,0
1JSR02,2004-06-15,2004,spring,jun,Japan,Razdolnaya,1,1JSR,Lh,31,29,6,415,F,0,0,0,0,0,0,0,0,0,0,0,6,5,0,0,0,0,0,0,0,0,0,0,0,0,0,0
1JSR04,2004-06-17,2004,spring,jun,Japan,Razdolnaya,1,1JSR,Lh,41,37,8,670,M,0,0,0,0,0,0,0,200,0,0,0,5,0,0,0,0,1,0,0,0,0,24,16,0,1,9,1
1JSR05,2004-06-17,2004,spring,jun,Japan,Razdolnaya,1,1JSR,Lh,41,36,9,700,M,0,0,0,0,0,0,0,251,0,0,0,0,0,1,0,0,0,0,0,0,0,5,7,0,0,0,0
1JSR06,2004-06-17,2004,spring,jun,Japan,Razdolnaya,1,1JSR,Lh,47,41,10,1050,F,0,0,0,0,0,0,0,0,0,0,0,0,0,0,0,0,0,0,0,0,0,70,0,0,105,0,0
1JSR07,2004-06-17,2004,spring,jun,Japan,Razdolnaya,1,1JSR,Lh,38,34,7,540,F,0,0,0,0,0,0,0,107,0,0,0,15,2,11,0,0,0,0,1,0,0,307,229,0,212,65,0
1JSR08,2004-06-17,2004,spring,jun,Japan,Razdolnaya,1,1JSR,Lh,38,34,7,560,F,0,0,0,0,0,0,0,0,0,0,0,50,28,0,0,0,0,0,55,0,0,7,2,0,0,2,0
1JSR09,2004-06-17,2004,spring,jun,Japan,Razdolnaya,1,1JSR,Lh,39,35,8,570,F,0,0,0,0,0,0,0,380,0,0,0,16,52,3,0,0,0,0,5,0,0,76,65,0,3,18,0
1JSR10,2004-06-17,2004,spring,jun,Japan,Razdolnaya,1,1JSR,Lh,41,36,8,610,F,0,0,0,0,0,0,0,0,0,0,0,0,12,0,0,0,0,0,2,0,0,152,114,0,38,76,3
1JSR11,2004-06-17,2004,spring,jun,Japan,Razdolnaya,1,1JSR,Lh,35,31,7,400,F,0,0,0,0,0,0,0,9,0,0,0,0,0,0,0,0,0,0,1,0,0,92,0,0,46,0,0
1JSR12,2004-06-17,2004,spring,jun,Japan,Razdolnaya,1,1JSR,Lh,34,30,7,400,M,0,0,0,0,0,0,0,0,0,0,0,3,0,1,0,0,0,0,27,0,0,19,4,0,5,4,3
1JSR13,2004-06-17,2004,spring,jun,Japan,Razdolnaya,1,1JSR,Lh,36,32,7,460,M,0,0,0,0,0,0,0,0,0,0,0,0,0,0,0,0,0,0,0,0,0,15,0,0,3,0,1
1JSR14,2004-06-17,2004,spring,jun,Japan,Razdolnaya,1,1JSR,Lh,28,25,5,220,M,0,0,0,0,0,0,0,62,0,0,0,0,6,0,0,0,0,4,0,0,0,7,13,0,6,3,0
1JSR15,2004-06-17,2004,spring,jun,Japan,Razdolnaya,1,1JSR,Lh,33,29,7,410,M,0,0,0,0,0,0,0,0,0,0,0,8,124,42,0,0,0,1,8,0,0,19,5,0,35,0,0
1JSR16,2004-06-17,2004,spring,jun,Japan,Razdolnaya,1,1JSR,Lh,41,36,7,670,M,0,0,0,0,0,0,0,32,0,0,0,0,5,0,19,0,0,2,5,0,0,52,10,0,19,6,0
1JSR17,2004-06-15,2004,spring,jun,Japan,Razdolnaya,1,1JSR,Lh,32,29,6,290,F,0,0,0,0,0,0,0,0,0,0,0,0,0,0,0,0,0,0,0,0,0,2,0,0,0,0,0
1JSR18,2004-06-15,2004,spring,jun,Japan,Razdolnaya,1,1JSR,Lh,33,29,7,350,M,0,0,0,0,0,0,0,0,0,0,0,0,2,0,0,0,0,0,0,0,0,18,2,0,8,5,0
1JSR19,2004-06-15,2004,spring,jun,Japan,Razdolnaya,1,1JSR,Lh,30,27,6,260,M,0,0,0,0,0,0,0,0,0,0,0,0,0,0,0,0,0,0,0,0,0,2,0,0,0,0,0
1JSR20,2004-06-15,2004,spring,jun,Japan,Razdolnaya,1,1JSR,Lh,25,21,5,130,F,0,0,0,0,0,0,0,0,0,0,0,0,0,0,0,0,12,0,0,0,0,0,1,0,0,0,0
1JSR21,2004-06-15,2004,spring,jun,Japan,Razdolnaya,1,1JSR,Lh,40,36,8,555,M,0,0,0,0,0,0,0,0,0,0,0,63,38,24,1,0,3,0,0,0,0,3,1,0,0,2,0
1JSR22,2004-06-15,2004,spring,jun,Japan,Razdolnaya,1,1JSR,Lh,34,29,7,340,M,0,0,0,0,0,0,0,0,0,0,0,0,0,0,0,0,2,0,0,0,0,18,8,0,8,3,0
1JSR23,2004-06-15,2004,spring,jun,Japan,Razdolnaya,1,1JSR,Lh,38,33,7,450,M,0,0,0,0,0,0,0,0,0,0,0,3,3,0,0,0,1,0,0,0,0,0,0,0,0,0,0
1JSR24,2004-06-15,2004,spring,jun,Japan,Razdolnaya,1,1JSR,Lh,36,32,7,360,M,0,0,0,0,0,0,0,0,0,0,0,10,7,3,0,0,1,0,0,0,0,3,0,0,0,0,0
2JSR01,2004-06-28,2004,summer,jun,Japan,Razdolnaya,2,2JSR,Lh,28,24,5,230,M,0,0,0,0,0,0,0,204,0,0,0,415,0,0,0,0,0,0,0,0,0,0,0,0,0,0,0
2JSR02,2004-06-28,2004,summer,jun,Japan,Razdolnaya,2,2JSR,Lh,26,22,5,200,F,0,0,0,0,0,0,0,0,0,0,0,6,15,0,18,0,0,26,0,0,0,9,0,0,2,1,0
2JSR03,2004-06-28,2004,summer,jun,Japan,Razdolnaya,2,2JSR,Lh,32,30,7,340,M,0,0,0,0,0,0,0,160,0,0,0,10,0,0,0,0,3,0,5,0,0,7,2,0,1,0,0
2JSR04,2004-06-28,2004,summer,jun,Japan,Razdolnaya,2,2JSR,Lh,35,30,6,400,F,0,0,0,0,0,0,0,0,0,0,0,6,0,0,0,0,0,2,0,0,0,4,7,0,12,2,2
2JSR05,2004-06-28,2004,summer,jun,Japan,Razdolnaya,2,2JSR,Lh,36,32,6,450,M,0,0,0,0,0,0,0,1,0,0,0,0,2,0,15,0,3,0,6,0,0,29,5,0,11,7,0
2JSR06,2004-06-28,2004,summer,jun,Japan,Razdolnaya,2,2JSR,Lh,40,35,7,575,M,0,0,0,0,0,0,0,6,0,0,0,0,38,0,0,0,0,0,9,0,0,9,3,0,5,3,0
3JSR01,2004-10-17,2004,fall,oct,Japan,Razdolnaya,3,3JSR,Lh,37,33,7,540,F,0,0,0,0,0,0,0,0,0,0,0,70,24,0,8,0,0,0,0,0,0,117,29,0,29,0,0
3JSR02,2004-10-17,2004,fall,oct,Japan,Razdolnaya,3,3JSR,Lh,31,27,5,280,F,0,0,0,0,0,0,0,28,0,0,0,0,0,0,2,0,15,0,0,0,0,51,28,0,5,14,0
3JSR03,2004-10-17,2004,fall,oct,Japan,Razdolnaya,3,3JSR,Lh,35,31,6,420,M,0,0,0,0,0,0,0,0,0,0,0,0,66,0,0,0,0,0,0,0,0,6,2,0,2,0,0
3JSR04,2004-10-17,2004,fall,oct,Japan,Razdolnaya,3,3JSR,Lh,37,33,6,470,M,0,0,0,0,0,0,0,2150,0,0,0,0,0,0,0,0,13,0,1,0,0,60,42,0,79,19,0
3JSR05,2004-10-17,2004,fall,oct,Japan,Razdolnaya,3,3JSR,Lh,37,33,6,500,M,0,0,0,0,0,0,0,608,0,0,0,37,26,0,13,0,0,1,2,0,0,7,2,0,9,3,1
3JSR06,2004-10-17,2004,fall,oct,Japan,Razdolnaya,3,3JSR,Lh,37,33,7,560,M,0,0,0,0,0,0,0,535,0,0,0,48,32,0,3,0,0,4,1,0,0,12,8,0,2,5,2
3JSR07,2004-10-17,2004,fall,oct,Japan,Razdolnaya,3,3JSR,Lh,37,33,6,510,M,0,0,0,0,0,0,0,305,0,0,0,0,0,0,0,0,0,3,0,0,0,179,40,0,30,20,0
3JSR08,2004-10-17,2004,fall,oct,Japan,Razdolnaya,3,3JSR,Lh,42,37,7,715,F,0,0,0,0,0,0,0,101,0,1,0,4,26,0,0,0,0,3,9,0,0,61,71,0,12,8,9
3JSR09,2004-10-17,2004,fall,oct,Japan,Razdolnaya,3,3JSR,Lh,35,31,6,450,F,0,0,0,0,0,0,0,384,0,0,0,88,0,0,0,0,11,0,0,0,0,8,0,2,4,0,0
3JSR10,2004-10-17,2004,fall,oct,Japan,Razdolnaya,3,3JSR,Lh,37,33,6,490,M,0,0,0,0,0,0,0,2010,0,0,0,0,1,0,0,0,9,0,6,0,0,261,20,0,190,40,1
3JSR11,2004-10-12,2004,fall,oct,Japan,Razdolnaya,3,3JSR,Lh,36,32,6,480,M,0,0,0,0,0,0,0,25,1,1,0,677,653,0,2,0,0,0,1,0,0,16,4,0,3,13,0
3JSR12,2004-10-14,2004,fall,oct,Japan,Razdolnaya,3,3JSR,Lh,35,31,6,460,M,0,0,0,0,0,0,0,0,0,0,0,329,16,0,0,12,11,0,0,0,0,0,28,1,10,0,0
3JSR13,2004-10-14,2004,fall,oct,Japan,Razdolnaya,3,3JSR,Lh,37,33,6,490,M,0,0,0,0,0,0,0,1025,0,0,0,164,123,0,7,0,3,0,7,0,0,10,31,0,8,0,0
3JSR14,2004-10-14,2004,fall,oct,Japan,Razdolnaya,3,3JSR,Lh,36,32,6,450,M,0,0,0,0,0,0,0,1010,1,0,0,138,3,0,22,0,1,0,0,0,0,8,15,0,0,0,1
3JSR15,2004-10-14,2004,fall,oct,Japan,Razdolnaya,3,3JSR,Lh,37,33,6,500,M,0,0,0,0,0,0,0,1086,0,0,0,20,15,0,0,0,0,4,0,0,0,40,14,0,0,12,0
3JSR16,2004-10-14,2004,fall,oct,Japan,Razdolnaya,3,3JSR,Lh,29,25,4,250,M,0,0,0,0,0,0,0,547,0,0,0,22,0,0,17,0,3,0,0,0,0,0,0,0,0,0,0
3JSR17,2004-10-14,2004,fall,oct,Japan,Razdolnaya,3,3JSR,Lh,38,34,6,560,F,0,0,0,0,0,0,0,80,0,1,0,0,2,0,0,0,0,0,0,0,0,63,69,0,13,0,0
3JSR18,2004-10-19,2004,fall,oct,Japan,Razdolnaya,3,3JSR,Lh,35,31,6,415,M,0,0,0,0,0,0,0,0,0,0,0,0,0,0,0,0,3,0,0,0,0,0,0,0,0,0,0
3JSR19,2004-10-19,2004,fall,oct,Japan,Razdolnaya,3,3JSR,Lh,46,38,8,835,M,0,0,0,0,0,0,0,405,0,0,0,0,0,0,0,0,0,78,1,0,0,11,5,0,12,2,1
3JSR20,2004-10-19,2004,fall,oct,Japan,Razdolnaya,3,3JSR,Lh,33,29,6,405,F,0,0,0,0,0,0,0,1147,0,0,0,0,2,0,2,0,4,0,5,0,0,61,20,0,23,6,0
3JSR21,2004-10-19,2004,fall,oct,Japan,Razdolnaya,3,3JSR,Lh,35,31,6,430,F,0,0,0,0,0,0,0,123,2,0,0,142,267,0,18,0,6,0,0,0,0,0,0,0,0,0,0
3JSR22,2004-10-19,2004,fall,oct,Japan,Razdolnaya,3,3JSR,Lh,36,32,6,460,F,0,0,0,0,0,0,0,0,0,0,0,1780,226,0,0,0,0,0,0,0,0,6,3,0,2,0,0
3JSR23,2004-10-19,2004,fall,oct,Japan,Razdolnaya,3,3JSR,Lh,35,31,6,430,M,0,0,0,0,0,0,0,4,0,0,0,2,1,0,3,0,5,0,1,0,0,2,0,0,3,0,0
3JSR24,2004-10-19,2004,fall,oct,Japan,Razdolnaya,3,3JSR,Lh,34,30,6,400,NA,0,0,0,0,0,0,0,0,0,0,0,0,0,0,0,0,7,0,0,0,0,0,0,0,0,0,0
3JSR25,2004-10-19,2004,fall,oct,Japan,Razdolnaya,3,3JSR,Lh,34,30,6,395,F,0,0,0,0,0,0,3,57,0,0,0,19,9,0,0,6,0,0,0,0,0,0,0,0,0,0,0
3JSR26,2004-10-19,2004,fall,oct,Japan,Razdolnaya,3,3JSR,Lh,32,28,5,300,M,0,0,0,0,0,0,0,250,0,0,0,173,154,0,0,0,9,0,0,0,0,35,6,0,19,7,0
3JSR27,2004-10-19,2004,fall,oct,Japan,Razdolnaya,3,3JSR,Lh,40,36,6,670,M,0,0,0,0,0,0,0,535,0,1,0,229,74,0,9,0,0,0,3,0,0,97,25,0,93,18,0
3JSR28,2004-10-19,2004,fall,oct,Japan,Razdolnaya,3,3JSR,Lh,36,31,6,470,M,0,0,0,0,0,0,0,20,0,0,0,2044,247,0,0,0,22,0,3,0,0,13,0,0,0,0,0
3JSR29,2004-10-19,2004,fall,oct,Japan,Razdolnaya,3,3JSR,Lh,34,30,6,380,F,0,0,0,0,0,0,0,0,0,0,0,193,7,0,2,0,2,0,0,0,0,0,7,0,0,0,0
3JSR30,2004-10-19,2004,fall,oct,Japan,Razdolnaya,3,3JSR,Lh,35,31,6,435,M,0,0,0,0,0,0,0,289,0,0,0,13,2,0,7,0,0,4,1,0,0,595,103,0,173,60,0
4JSR01,2005-07-01,2005,summer,jul,Japan,Razdolnaya,4,4JSR,Lh,34,30,6,350,M,0,0,0,0,0,0,0,88,0,0,0,2,107,0,0,0,2,0,0,0,0,1,0,0,0,0,0
4JSR02,2005-07-01,2005,summer,jul,Japan,Razdolnaya,4,4JSR,Lh,33,30,6,350,M,0,0,0,0,0,0,0,54,0,0,0,17,46,0,0,0,11,6,1,0,0,13,4,0,0,7,0
4JSR03,2005-07-01,2005,summer,jul,Japan,Razdolnaya,4,4JSR,Lh,30,25,5,210,M,0,0,0,0,0,0,0,122,0,0,0,41,36,0,0,0,12,0,0,0,0,1,1,0,0,0,0
4JSR04,2005-06-23,2005,summer,jun,Japan,Razdolnaya,4,4JSR,Lh,40,35,7,600,F,0,0,0,0,0,0,0,1150,0,0,0,0,0,0,0,0,7,0,5,0,0,2,0,0,0,0,0
4JSR05,2005-06-23,2005,summer,jun,Japan,Razdolnaya,4,4JSR,Lh,34,30,6,360,M,0,0,0,0,0,0,0,350,0,0,0,0,0,0,0,0,0,1,0,0,0,6,0,0,0,0,0
4JSR06,2005-06-23,2005,summer,jun,Japan,Razdolnaya,4,4JSR,Lh,33,30,6,360,M,0,0,0,0,0,0,0,605,0,0,0,0,0,0,0,0,0,3,0,0,0,12,3,0,5,2,0
4JSR07,2005-06-23,2005,summer,jun,Japan,Razdolnaya,4,4JSR,Lh,34,30,6,460,M,0,0,0,0,0,0,0,192,0,0,0,0,8,0,56,0,13,0,1,0,0,3,1,0,2,1,0
4JSR08,2005-06-23,2005,summer,jun,Japan,Razdolnaya,4,4JSR,Lh,34,30,7,420,F,0,0,0,0,0,2,0,589,0,0,0,0,0,0,0,0,0,0,0,0,0,0,0,0,0,0,0
4JSR09,2005-06-23,2005,summer,jun,Japan,Razdolnaya,4,4JSR,Lh,35,30,6,420,M,0,0,0,0,0,0,0,1240,0,0,0,274,13,0,0,0,0,0,0,0,0,9,3,0,8,3,11
4JSR10,2005-06-23,2005,summer,jun,Japan,Razdolnaya,4,4JSR,Lh,38,34,7,640,M,0,0,0,0,0,0,0,39,0,0,0,0,2,50,0,0,5,0,0,0,0,560,58,2,34,22,0
4JSR11,2005-06-23,2005,summer,jun,Japan,Razdolnaya,4,4JSR,Lh,33,30,6,370,F,0,0,0,0,0,0,0,712,0,0,0,116,60,0,0,0,67,0,11,0,0,11,9,0,9,0,4
4JSR12,2005-06-23,2005,summer,jun,Japan,Razdolnaya,4,4JSR,Lh,32,27,6,350,M,0,0,0,0,0,0,0,103,0,0,0,0,4,0,2,0,0,2,0,0,0,37,0,0,0,18,0
4JSR13,2005-06-23,2005,summer,jun,Japan,Razdolnaya,4,4JSR,Lh,32,29,6,360,M,0,0,0,0,0,0,0,135,0,0,0,1784,1533,0,0,0,40,0,8,0,0,9,65,0,0,0,1
4JSR14,2005-06-23,2005,summer,jun,Japan,Razdolnaya,4,4JSR,Lh,33,29,6,410,M,0,0,0,0,0,0,0,435,0,0,0,0,0,0,0,0,9,0,0,0,0,19,5,0,0,4,0
4JSR15,2005-06-23,2005,summer,jun,Japan,Razdolnaya,4,4JSR,Lh,34,30,6,360,F,0,0,0,0,0,0,0,205,0,0,0,0,0,0,0,0,9,0,0,0,0,0,1,0,3,0,1
4JSR16,2005-06-23,2005,summer,jun,Japan,Razdolnaya,4,4JSR,Lh,33,29,6,370,F,0,0,0,0,0,0,0,790,0,0,0,0,0,0,0,0,2,0,1,0,0,82,0,0,54,0,0
4JSR17,2005-06-23,2005,summer,jun,Japan,Razdolnaya,4,4JSR,Lh,30,27,6,310,M,0,0,0,0,0,0,0,208,0,0,0,0,0,0,0,0,0,7,0,0,0,50,0,0,30,0,0
4JSR18,2005-06-23,2005,summer,jun,Japan,Razdolnaya,4,4JSR,Lh,37,32,6,450,M,0,0,0,0,0,0,0,526,0,0,0,0,6,0,0,0,0,0,0,0,0,30,45,0,11,4,0
4JSR19,2005-06-23,2005,summer,jun,Japan,Razdolnaya,4,4JSR,Lh,41,37,7,640,F,0,0,0,0,0,0,0,16,0,0,0,0,0,0,0,0,4,0,0,0,0,109,8,0,39,0,0
4JSR20,2005-06-23,2005,summer,jun,Japan,Razdolnaya,4,4JSR,Lh,41,37,8,630,F,0,0,0,0,0,0,0,355,0,0,0,3,1,0,0,0,13,0,7,0,0,11,4,0,3,1,0
4JSR21,2005-06-23,2005,summer,jun,Japan,Razdolnaya,4,4JSR,Lh,40,36,7,650,M,0,0,0,0,0,0,0,755,0,0,0,0,0,0,0,2,2,0,5,0,0,3,0,0,0,0,0
4JSR22,2005-06-23,2005,summer,jun,Japan,Razdolnaya,4,4JSR,Lh,37,32,6,440,F,0,0,0,0,0,0,0,1920,0,0,0,10,1,0,0,0,0,4,6,0,0,63,0,0,13,0,0
4JSR23,2005-07-01,2005,summer,jul,Japan,Razdolnaya,4,4JSR,Lh,31,28,6,300,M,0,0,0,0,0,0,0,50,0,0,0,0,66,0,0,0,0,5,0,0,0,110,13,6,5,14,0
4JSR24,2005-07-01,2005,summer,jul,Japan,Razdolnaya,4,4JSR,Lh,36,32,7,460,M,0,0,0,0,0,0,0,60,0,0,0,41,82,0,0,0,0,0,0,0,0,3,0,0,0,0,6
4JSR25,2005-07-01,2005,summer,jul,Japan,Razdolnaya,4,4JSR,Lh,32,28,6,300,M,0,0,0,0,0,0,0,495,0,0,0,0,0,0,0,0,2,0,0,0,0,110,10,8,14,6,3
4JSR26,2005-07-01,2005,summer,jul,Japan,Razdolnaya,4,4JSR,Lh,33,28,6,300,M,0,0,0,0,0,0,0,125,0,0,0,10,9,0,0,0,6,0,0,0,0,29,12,2,2,1,0
4JSR27,2005-06-23,2005,summer,jun,Japan,Razdolnaya,4,4JSR,Lh,33,30,6,350,M,0,0,0,0,0,0,0,92,0,0,0,4,25,0,0,0,0,13,8,0,0,35,14,0,5,1,0
4JSR28,2005-06-23,2005,summer,jun,Japan,Razdolnaya,4,4JSR,Lh,34,31,7,450,M,0,0,0,0,0,0,0,105,3,0,0,0,0,22,0,0,21,0,0,0,0,2,0,0,0,6,0
5JSR01,2005-10-07,2005,fall,oct,Japan,Razdolnaya,5,5JSR,Lh,40,35,7,530,F,0,0,0,0,0,0,0,0,0,0,0,0,1,0,1,0,2,0,0,0,0,15,12,0,0,2,0
5JSR02,2005-10-07,2005,fall,oct,Japan,Razdolnaya,5,5JSR,Lh,40,35,7,580,F,0,0,0,0,0,0,0,0,0,0,0,0,2,0,0,0,0,0,4,0,0,133,34,0,56,13,0
5JSR03,2005-10-07,2005,fall,oct,Japan,Razdolnaya,5,5JSR,Lh,40,36,8,630,F,0,0,0,0,0,1,0,0,0,0,0,0,7,0,2,7,0,1,4,0,0,314,22,0,39,51,0
5JSR04,2005-10-07,2005,fall,oct,Japan,Razdolnaya,5,5JSR,Lh,39,34,8,570,M,0,0,0,0,0,0,0,0,0,0,0,1,1,0,0,0,1,5,2,0,0,27,2,0,5,7,1
5JSR05,2005-10-07,2005,fall,oct,Japan,Razdolnaya,5,5JSR,Lh,39,35,7,530,M,0,0,0,0,0,0,0,2550,0,0,0,0,0,0,6,0,2,0,0,0,0,0,0,0,0,3,0
5JSR06,2005-10-07,2005,fall,oct,Japan,Razdolnaya,5,5JSR,Lh,42,39,8,720,M,0,0,0,0,0,0,0,160,0,0,0,0,0,0,0,0,5,0,0,0,0,35,21,0,22,9,2
5JSR07,2005-10-07,2005,fall,oct,Japan,Razdolnaya,5,5JSR,Lh,41,37,7,680,M,0,0,0,0,0,0,0,273,0,0,0,21,1,0,0,0,0,3,3,0,0,12,7,0,4,10,0
5JSR09,2005-10-07,2005,fall,oct,Japan,Razdolnaya,5,5JSR,Lh,42,39,8,740,M,0,0,0,0,0,0,0,18,0,0,0,109,3,0,0,0,0,0,1,0,0,18,53,0,10,0,0
5JSR10,2005-10-07,2005,fall,oct,Japan,Razdolnaya,5,5JSR,Lh,39,35,6,500,F,0,0,0,0,0,0,0,630,0,0,0,0,0,0,0,0,8,0,0,0,0,35,7,0,21,0,2
5JSR11,2005-10-07,2005,fall,oct,Japan,Razdolnaya,5,5JSR,Lh,39,35,7,560,F,0,0,0,0,0,0,0,211,0,0,0,9,0,0,0,0,0,1,1,0,0,228,13,1,184,67,0
5JSR12,2005-10-07,2005,fall,oct,Japan,Razdolnaya,5,5JSR,Lh,40,35,7,550,M,0,0,0,0,0,0,0,550,0,0,0,0,0,0,0,0,1,0,0,0,0,42,28,1,3,0,1
5JSR13,2005-10-07,2005,fall,oct,Japan,Razdolnaya,5,5JSR,Lh,43,39,8,850,F,0,0,0,0,0,0,0,100,0,0,0,0,0,0,0,0,0,6,7,0,0,0,8,0,0,0,0
5JSR14,2005-10-07,2005,fall,oct,Japan,Razdolnaya,5,5JSR,Lh,40,36,7,580,M,0,0,0,0,0,0,0,241,0,0,0,0,2,0,1,0,5,0,11,0,0,38,0,0,0,6,0
5JSR15,2005-10-07,2005,fall,oct,Japan,Razdolnaya,5,5JSR,Lh,42,39,8,750,M,0,0,0,0,0,0,0,415,0,0,0,0,0,0,0,0,3,0,0,0,0,29,25,4,15,3,0
5JSR16,2005-10-07,2005,fall,oct,Japan,Razdolnaya,5,5JSR,Lh,42,38,8,730,F,0,0,0,0,0,0,0,257,0,0,0,0,4,0,0,0,0,0,6,0,0,27,16,0,25,5,0
5JSR17,2005-10-07,2005,fall,oct,Japan,Razdolnaya,5,5JSR,Lh,41,37,7,620,M,0,0,0,0,0,0,0,960,0,0,0,430,0,0,1,0,0,4,9,0,0,39,26,0,14,0,0
5JSR18,2005-10-07,2005,fall,oct,Japan,Razdolnaya,5,5JSR,Lh,36,32,6,420,M,0,0,0,0,0,0,0,1130,0,0,0,14,44,0,6,0,0,0,8,0,0,29,14,0,9,0,0
5JSR19,2005-10-07,2005,fall,oct,Japan,Razdolnaya,5,5JSR,Lh,40,36,7,620,M,0,0,0,0,0,0,0,725,0,0,0,3,0,0,0,0,5,0,10,0,0,21,19,0,0,0,0
5JSR21,2005-10-07,2005,fall,oct,Japan,Razdolnaya,5,5JSR,Lh,42,38,7,740,F,0,0,0,0,0,0,0,4110,0,0,0,58,2,0,0,0,0,1,2,0,0,8,0,0,12,0,0
5JSR22,2005-10-07,2005,fall,oct,Japan,Razdolnaya,5,5JSR,Lh,38,34,6,480,M,0,0,0,0,0,0,0,3746,0,0,0,0,7,0,3,0,6,0,5,0,0,24,14,2,2,0,12
5JSR23,2005-10-07,2005,fall,oct,Japan,Razdolnaya,5,5JSR,Lh,41,37,8,660,M,0,0,0,0,0,0,0,1110,0,0,0,0,0,0,2,0,3,0,6,0,0,4,0,0,0,18,0
5JSR24,2005-10-07,2005,fall,oct,Japan,Razdolnaya,5,5JSR,Lh,41,37,7,630,M,0,0,0,0,0,0,0,1040,0,0,0,0,23,0,0,0,0,0,0,0,0,57,0,0,41,0,0
5JSR25,2005-10-07,2005,fall,oct,Japan,Razdolnaya,5,5JSR,Lh,39,35,7,510,M,0,0,0,0,0,0,0,3212,0,0,0,12,46,0,16,0,0,1,0,0,0,31,6,0,8,0,0
5JSR26,2005-10-07,2005,fall,oct,Japan,Razdolnaya,5,5JSR,Lh,41,36,7,630,F,0,0,0,0,0,0,0,3305,0,0,0,30,0,0,1,0,1,0,5,0,0,18,2,0,5,2,0
5JSR27,2005-10-07,2005,fall,oct,Japan,Razdolnaya,5,5JSR,Lh,41,36,7,570,M,0,0,0,0,0,0,0,165,0,0,0,1,1,0,0,2,0,0,2,0,0,85,75,2,0,0,0
5JSR28,2005-10-07,2005,fall,oct,Japan,Razdolnaya,5,5JSR,Lh,38,34,7,510,M,0,0,0,0,0,0,0,482,0,0,0,1374,196,0,0,0,1,0,0,0,0,40,19,0,0,17,0
5JSR29,2005-10-07,2005,fall,oct,Japan,Razdolnaya,5,5JSR,Lh,42,38,8,750,M,0,0,0,0,0,0,0,90,0,0,0,0,0,0,0,0,0,0,4,0,0,49,29,0,0,39,0
5JSR30,2005-10-07,2005,fall,oct,Japan,Razdolnaya,5,5JSR,Lh,41,35,7,600,M,0,0,0,0,0,0,0,123,0,0,0,13,4,0,2,0,14,0,3,0,0,38,10,0,10,0,0
1JSP01,2004-12-01,2004,fall,dec,Japan,Posiet,1,1JSP,Lh,42,37,7,690,F,0,0,0,0,0,0,0,6,0,0,0,0,0,0,0,0,0,0,0,0,0,1,0,0,0,0,0
1JSP02,2004-12-01,2004,fall,dec,Japan,Posiet,1,1JSP,Lh,33,28,6,350,M,0,0,0,0,0,0,0,956,0,0,0,16,2,0,0,0,0,0,0,0,0,13,6,0,0,2,0
1JSP03,2004-12-01,2004,fall,dec,Japan,Posiet,1,1JSP,Lh,46,41,8,870,M,0,0,0,0,0,1,0,28,0,0,0,1746,259,0,0,0,0,0,0,0,0,12,8,0,3,18,0
1JSP04,2004-12-01,2004,fall,dec,Japan,Posiet,1,1JSP,Lh,42,37,7,615,M,0,0,0,0,0,0,0,6000,0,0,0,628,210,0,0,0,0,0,0,0,0,36,2,0,0,34,0
1JSP05,2004-12-01,2004,fall,dec,Japan,Posiet,1,1JSP,Lh,38,34,6,475,M,0,0,0,0,0,0,0,1551,0,0,0,243,91,0,0,0,0,0,0,0,2,42,13,0,0,8,0
1JSP06,2004-12-01,2004,fall,dec,Japan,Posiet,1,1JSP,Lh,34,30,6,345,M,0,0,0,0,0,0,0,406,0,0,0,0,8,0,0,0,5,0,2,0,0,14,3,0,0,8,0
1JSP07,2004-12-01,2004,fall,dec,Japan,Posiet,1,1JSP,Lh,34,30,7,350,M,0,0,0,0,0,0,0,360,0,0,0,1,2,0,0,0,2,0,0,0,0,20,0,0,0,5,0
1JSP08,2004-12-01,2004,fall,dec,Japan,Posiet,1,1JSP,Lh,41,36,7,625,F,0,0,0,0,0,0,0,225,0,0,0,2388,311,0,0,0,15,0,0,0,0,100,0,0,0,8,0
1JSP09,2004-12-01,2004,fall,dec,Japan,Posiet,1,1JSP,Lh,41,37,6,470,F,0,0,0,0,0,0,0,237,0,0,0,39,4,0,0,0,3,0,1,0,0,180,62,0,5,15,0
1JSP10,2004-12-01,2004,fall,dec,Japan,Posiet,1,1JSP,Lh,35,31,6,340,M,0,0,0,0,0,0,0,1500,0,0,0,53,7,0,0,0,0,7,0,0,0,12,16,0,1,0,0
1JSP11,2004-12-01,2004,fall,dec,Japan,Posiet,1,1JSP,Lh,35,32,7,400,M,0,0,0,0,0,0,1,0,0,0,0,0,0,0,0,0,0,0,0,0,0,187,158,5,8,65,0
1JSP12,2004-12-01,2004,fall,dec,Japan,Posiet,1,1JSP,Lh,32,27,5,480,NA,0,0,0,0,0,0,0,124,0,0,0,95,42,0,0,0,0,0,0,0,0,11,0,0,0,0,0
1JSP13,2004-12-01,2004,fall,dec,Japan,Posiet,1,1JSP,Lh,30,26,6,355,F,0,0,0,0,0,0,0,250,0,0,0,39,5,0,0,0,0,4,0,0,0,11,4,0,0,1,0
1JSP14,2004-12-01,2004,fall,dec,Japan,Posiet,1,1JSP,Lh,35,31,7,400,M,0,0,0,0,0,0,0,100,0,0,0,3,4,0,0,0,0,0,0,0,0,74,21,1,2,34,0
1JSP15,2004-12-01,2004,fall,dec,Japan,Posiet,1,1JSP,Lh,42,37,7,710,F,0,0,0,0,0,0,0,39,0,0,0,2,33,0,0,0,0,1,0,3,3,0,0,0,0,0,0
1JSP16,2004-12-01,2004,fall,dec,Japan,Posiet,1,1JSP,Lh,32,27,5,390,NA,0,0,0,0,0,0,0,82,0,0,0,0,3,0,0,0,0,0,0,0,0,43,56,0,0,4,0
1JSP17,2004-12-01,2004,fall,dec,Japan,Posiet,1,1JSP,Lh,33,29,6,330,M,0,0,0,0,0,0,0,0,0,0,0,41,1,0,0,0,1,0,0,0,0,24,0,0,96,0,0
1JSP18,2004-12-01,2004,fall,dec,Japan,Posiet,1,1JSP,Lh,30,27,5,270,M,0,0,0,0,0,0,0,772,0,0,0,30,0,0,0,0,0,0,0,0,0,2,0,0,0,1,0
1JSP19,2004-12-01,2004,fall,dec,Japan,Posiet,1,1JSP,Lh,32,29,6,330,M,0,0,0,0,0,0,0,1232,0,0,0,1,5,0,0,0,0,0,1,0,0,62,0,0,31,52,0
1JSP20,2004-12-01,2004,fall,dec,Japan,Posiet,1,1JSP,Lh,34,30,6,330,M,0,0,0,0,0,0,0,212,0,0,0,59,3,0,0,0,3,0,0,0,0,0,7,0,0,0,0
1JSP21,2004-12-01,2004,fall,dec,Japan,Posiet,1,1JSP,Lh,32,27,5,320,M,0,0,0,0,0,0,0,11,0,0,0,28,2,0,0,0,0,0,0,0,0,31,0,0,12,8,0
1JSP22,2004-12-01,2004,fall,dec,Japan,Posiet,1,1JSP,Lh,32,26,6,320,M,0,0,0,0,0,0,0,101,0,0,0,0,0,0,0,0,69,0,0,0,0,45,5,0,6,18,0
1JSP23,2004-12-01,2004,fall,dec,Japan,Posiet,1,1JSP,Lh,32,29,7,300,M,0,0,0,0,0,0,0,501,0,0,0,760,31,0,0,0,2,0,0,0,0,63,36,0,9,45,0
1JSP24,2004-12-01,2004,fall,dec,Japan,Posiet,1,1JSP,Lh,32,29,8,310,M,0,0,0,0,0,0,0,0,0,0,0,0,8,1,0,0,0,2,0,0,0,0,8,0,0,1,0
1JSP25,2004-12-01,2004,fall,dec,Japan,Posiet,1,1JSP,Lh,31,29,6,320,M,0,0,0,0,0,0,0,50,0,0,0,5166,201,0,0,0,0,0,0,0,0,329,22,2,55,88,0
1JSP26,2004-12-01,2004,fall,dec,Japan,Posiet,1,1JSP,Lh,32,29,6,300,M,0,0,0,0,0,0,0,2311,0,0,0,7,6,0,0,0,0,0,0,0,0,187,0,0,0,53,0
1JSP27,2004-12-01,2004,fall,dec,Japan,Posiet,1,1JSP,Lh,32,28,6,330,M,0,0,0,0,0,0,0,100,0,0,0,0,5,0,0,0,0,0,0,0,0,37,86,1,0,6,0
1JSP28,2004-12-01,2004,fall,dec,Japan,Posiet,1,1JSP,Lh,33,28,6,300,M,0,0,0,0,0,0,0,100,0,0,0,417,115,0,0,0,0,0,0,0,0,1,4,0,2,2,0
1JSP29,2004-12-01,2004,fall,dec,Japan,Posiet,1,1JSP,Lh,30,26,6,260,M,0,0,0,0,0,0,0,6100,0,0,0,171,3,0,0,0,0,1,0,0,0,5,3,0,0,0,0
2JSP01,2005-10-01,2005,fall,oct,Japan,Posiet,2,2JSP,Lh,43,38,8,940,F,0,0,0,0,0,0,0,20,0,0,0,0,0,0,0,0,2,8,4,0,0,176,246,0,35,0,0
2JSP02,2005-10-01,2005,fall,oct,Japan,Posiet,2,2JSP,Lh,40,36,7,730,M,0,0,0,0,0,0,0,95,0,0,0,0,6,0,0,0,1,4,1,0,0,46,23,0,70,0,0
2JSP03,2005-10-01,2005,fall,oct,Japan,Posiet,2,2JSP,Lh,35,31,6,460,M,0,0,0,0,0,0,0,183,0,0,0,2,0,0,0,0,0,6,4,0,0,114,50,25,0,13,0
2JSP04,2005-10-01,2005,fall,oct,Japan,Posiet,2,2JSP,Lh,42,37,8,820,F,0,0,0,0,0,0,0,107,0,0,0,864,242,0,0,0,0,0,0,0,0,54,38,0,5,0,0
2JSP05,2005-10-01,2005,fall,oct,Japan,Posiet,2,2JSP,Lh,35,31,6,450,F,0,0,0,0,0,0,0,1466,0,0,0,907,256,0,40,0,0,1,0,0,0,14,24,0,12,0,0
2JSP06,2005-10-01,2005,fall,oct,Japan,Posiet,2,2JSP,Lh,36,32,6,510,M,0,0,0,0,0,0,0,95,0,0,0,3,3,0,0,0,0,3,2,0,0,0,40,0,12,4,0
2JSP07,2005-10-01,2005,fall,oct,Japan,Posiet,2,2JSP,Lh,36,32,6,510,M,0,0,0,0,0,0,0,150,0,0,0,7,9,0,0,0,3,0,3,0,0,92,56,0,2,33,0
2JSP08,2005-10-01,2005,fall,oct,Japan,Posiet,2,2JSP,Lh,38,33,6,590,F,0,0,0,0,0,0,0,148,0,0,0,0,1,0,0,0,0,5,2,0,0,211,135,0,30,15,0
2JSP09,2005-10-01,2005,fall,oct,Japan,Posiet,2,2JSP,Lh,36,32,7,560,M,0,0,0,0,0,0,0,325,0,0,0,7,0,0,0,0,0,7,3,0,0,10,30,0,0,3,2
2JSP10,2005-10-01,2005,fall,oct,Japan,Posiet,2,2JSP,Lh,37,32,6,510,M,0,0,0,0,0,0,0,780,2,0,0,0,0,0,0,0,2,2,0,0,0,4,2,0,2,2,1
2JSP11,2005-10-01,2005,fall,oct,Japan,Posiet,2,2JSP,Lh,37,32,7,560,M,0,0,0,0,0,0,0,745,0,0,0,11,9,0,0,0,1,1,2,0,0,48,127,0,0,12,0
2JSP12,2005-10-01,2005,fall,oct,Japan,Posiet,2,2JSP,Lh,37,32,8,640,M,0,0,0,0,0,0,0,385,0,0,0,2960,40,0,0,0,0,9,0,0,0,75,51,0,21,3,0
2JSP13,2005-11-17,2005,fall,nov,Japan,Posiet,2,2JSP,Lh,43,39,7,660,M,0,0,0,0,0,3,0,0,0,1,0,3,23,0,1,0,1,2,0,0,0,13,19,0,3,13,0
2JSP14,2005-11-17,2005,fall,nov,Japan,Posiet,2,2JSP,Lh,41,37,7,610,M,0,0,0,0,0,0,0,3600,0,0,0,0,0,0,0,0,1,0,0,0,0,130,72,29,72,29,0
2JSP15,2005-11-17,2005,fall,nov,Japan,Posiet,2,2JSP,Lh,38,33,7,480,M,0,0,0,0,0,0,0,561,0,0,0,3,3,0,0,0,0,3,0,0,0,11,20,8,1,0,0
2JSP16,2005-11-17,2005,fall,nov,Japan,Posiet,2,2JSP,Lh,37,34,7,470,M,0,0,0,0,0,0,0,3214,0,0,0,0,3,0,0,0,0,1,0,0,0,29,68,4,29,0,4
2JSP17,2005-11-18,2005,fall,nov,Japan,Posiet,2,2JSP,Lh,35,31,6,420,M,0,0,0,0,0,0,0,290,0,0,0,0,1,0,0,0,0,9,0,0,0,11,30,0,4,11,0
2JSP18,2005-11-18,2005,fall,nov,Japan,Posiet,2,2JSP,Lh,35,31,7,400,F,0,0,0,0,0,0,0,511,0,0,0,0,0,0,0,0,0,5,0,0,0,80,51,0,0,7,0
2JSP19,2005-11-18,2005,fall,nov,Japan,Posiet,2,2JSP,Lh,39,34,7,540,F,0,0,0,0,0,0,0,188,0,0,0,31,6,0,0,0,12,0,0,0,0,67,150,4,9,25,0
2JSP20,2005-11-18,2005,fall,nov,Japan,Posiet,2,2JSP,Lh,35,31,7,410,F,0,0,0,0,0,0,0,236,1,0,0,0,0,0,0,0,0,2,0,0,0,6,14,0,0,4,0
2JSP21,2005-11-18,2005,fall,nov,Japan,Posiet,2,2JSP,Lh,37,32,7,450,F,0,0,0,0,0,0,0,57,0,0,0,500,154,0,0,0,0,1,0,0,0,17,0,0,0,0,0
2JSP22,2005-11-18,2005,fall,nov,Japan,Posiet,2,2JSP,Lh,38,34,7,440,F,0,0,0,0,0,0,0,64,0,0,0,47,43,0,0,0,0,0,0,0,0,54,5,0,25,15,0
2JSP23,2005-11-18,2005,fall,nov,Japan,Posiet,2,2JSP,Lh,37,33,6,440,M,0,0,0,0,0,0,0,0,0,0,0,0,0,0,0,0,1,3,0,0,0,62,62,0,10,10,0
2JSP24,2005-11-18,2005,fall,nov,Japan,Posiet,2,2JSP,Lh,39,35,7,500,F,0,0,0,0,0,0,0,365,0,0,0,8,1,0,0,0,0,10,0,0,0,46,406,0,105,93,0
2JSP25,2005-11-18,2005,fall,nov,Japan,Posiet,2,2JSP,Lh,39,35,8,500,M,0,0,0,0,0,0,0,237,0,0,0,0,0,0,0,0,0,8,0,0,0,35,63,0,14,0,0
2JSP26,2005-11-18,2005,fall,nov,Japan,Posiet,2,2JSP,Lh,40,35,8,520,M,0,0,0,0,0,0,0,486,0,0,0,330,59,0,0,0,0,5,0,0,0,0,35,0,0,0,0
2JSP27,2005-11-18,2005,fall,nov,Japan,Posiet,2,2JSP,Lh,40,35,8,580,M,0,0,0,0,0,0,0,9,0,0,0,1853,525,0,0,0,0,9,0,0,0,54,95,13,13,14,0
2JSP28,2005-11-18,2005,fall,nov,Japan,Posiet,2,2JSP,Lh,40,35,8,570,M,0,0,0,0,0,0,0,114,0,0,0,23,3,0,0,0,0,2,0,0,0,0,31,0,0,0,0
2JSP29,2005-11-18,2005,fall,nov,Japan,Posiet,2,2JSP,Lh,41,36,7,600,M,0,0,0,0,0,0,0,3125,0,0,0,900,627,0,0,0,0,2,0,0,0,25,34,2,4,31,0
2JSP30,2005-11-18,2005,fall,nov,Japan,Posiet,2,2JSP,Lh,39,34,7,500,M,0,0,0,0,0,0,0,1160,0,5,0,3673,179,0,0,0,0,0,0,0,0,23,12,0,0,0,0
1JSA01,2005-04-28,2005,spring,apr,Japan,Artemovka,1,1JSA,Lh,29,26,6,250,M,0,0,0,0,0,0,0,2030,0,0,0,4,7,0,0,0,0,0,0,0,0,53,59,6,23,35,4
1JSA02,2005-04-28,2005,spring,apr,Japan,Artemovka,1,1JSA,Lh,37,33,7,510,M,0,0,0,0,0,0,0,51,0,0,0,0,5,0,0,0,0,1,0,0,0,3,5,0,1,0,0
1JSA03,2005-04-28,2005,spring,apr,Japan,Artemovka,1,1JSA,Lh,29,27,7,270,F,0,0,0,0,0,0,0,729,0,0,0,0,0,0,0,0,0,1,0,0,0,29,8,0,11,5,0
1JSA04,2005-04-28,2005,spring,apr,Japan,Artemovka,1,1JSA,Lh,28,26,6,240,F,0,0,0,0,0,0,0,1548,0,0,0,0,1,0,0,0,0,2,0,0,0,36,9,0,9,9,1
1JSA05,2005-04-28,2005,spring,apr,Japan,Artemovka,1,1JSA,Lh,32,28,6,250,NA,0,0,0,0,0,0,0,1499,0,0,0,0,401,0,0,0,1,7,0,0,0,294,63,6,84,109,0
1JSA06,2005-04-28,2005,spring,apr,Japan,Artemovka,1,1JSA,Lh,29,26,6,220,M,0,0,0,0,0,0,0,1722,0,0,0,0,0,0,0,0,0,8,0,0,0,40,45,5,0,10,0
1JSA07,2005-04-28,2005,spring,apr,Japan,Artemovka,1,1JSA,Lh,30,27,7,270,M,0,0,0,0,0,0,0,100,0,0,0,0,1,1,0,0,0,6,0,0,0,33,42,0,4,21,0
1JSA08,2005-04-28,2005,spring,apr,Japan,Artemovka,1,1JSA,Lh,30,28,6,250,M,0,0,0,0,0,0,0,1135,0,0,0,2,3,0,0,0,0,5,0,0,0,7,10,0,5,5,4
1JSA09,2005-04-28,2005,spring,apr,Japan,Artemovka,1,1JSA,Lh,40,37,8,670,M,0,0,0,0,0,0,0,2279,0,0,0,0,2,0,0,0,0,0,0,0,0,17,10,0,10,14,0
1JSA10,2005-04-28,2005,spring,apr,Japan,Artemovka,1,1JSA,Lh,39,36,8,590,M,0,0,0,0,0,0,0,61,0,0,0,179,420,0,0,0,0,0,0,0,0,70,64,0,10,61,1
1JSA11,2005-04-28,2005,spring,apr,Japan,Artemovka,1,1JSA,Lh,33,31,7,370,F,0,0,0,0,0,0,0,2518,0,0,0,0,0,0,0,0,5,3,0,0,0,19,9,0,24,3,3
1JSA12,2005-04-28,2005,spring,apr,Japan,Artemovka,1,1JSA,Lh,31,29,6,310,M,0,0,0,0,0,0,0,840,0,0,0,2,3,0,0,0,0,1,0,0,0,5,2,0,3,2,0
1JSA13,2005-04-28,2005,spring,apr,Japan,Artemovka,1,1JSA,Lh,29,26,6,220,M,0,0,0,0,0,0,0,2354,0,0,0,0,10,0,0,0,1,6,0,0,0,8,4,4,17,0,0
1JSA14,2005-04-28,2005,spring,apr,Japan,Artemovka,1,1JSA,Lh,38,34,6,440,M,0,0,0,0,0,0,0,4,0,0,0,2666,911,0,0,0,0,0,0,0,0,43,54,3,0,29,0
1JSA15,2005-04-28,2005,spring,apr,Japan,Artemovka,1,1JSA,Lh,41,37,8,500,F,0,0,0,0,0,0,0,120,0,0,0,1,1,0,0,0,4,3,0,0,0,0,0,0,10,3,0
1JSA16,2005-04-28,2005,spring,apr,Japan,Artemovka,1,1JSA,Lh,34,31,7,280,M,0,0,0,0,0,0,0,423,0,0,0,0,0,0,0,0,0,9,0,0,0,0,0,0,0,0,0
1JSA17,2005-05-25,2005,spring,may,Japan,Artemovka,1,1JSA,Lh,31,27,5,280,M,0,0,0,0,0,0,0,75,0,0,0,0,0,0,0,0,0,0,0,0,0,8,6,0,0,0,0
1JSA18,2005-05-25,2005,spring,may,Japan,Artemovka,1,1JSA,Lh,38,33,8,540,M,0,0,0,0,0,0,0,29,0,0,0,0,32,0,0,0,0,0,0,0,0,5,20,0,0,0,0
1JSA19,2005-05-25,2005,spring,may,Japan,Artemovka,1,1JSA,Lh,31,27,5,260,M,0,0,0,0,0,0,0,55,0,0,0,0,37,0,0,0,0,2,0,0,0,4,22,0,0,3,0
1JSA20,2005-05-25,2005,spring,may,Japan,Artemovka,1,1JSA,Lh,33,29,5,320,M,0,0,0,0,0,0,0,1299,0,0,0,53,52,0,0,0,0,0,0,0,0,6,1,1,0,1,0
1JSA21,2005-05-25,2005,spring,may,Japan,Artemovka,1,1JSA,Lh,32,29,5,320,F,0,0,0,0,0,0,0,900,0,0,0,0,47,0,0,0,0,31,0,0,0,37,37,0,7,15,0
1JSA22,2005-05-25,2005,spring,may,Japan,Artemovka,1,1JSA,Lh,30,27,5,250,M,0,0,0,0,0,0,0,39,0,0,0,0,0,0,0,0,0,3,0,0,0,33,14,0,33,5,0
1JSA23,2005-05-25,2005,spring,may,Japan,Artemovka,1,1JSA,Lh,32,28,6,320,NA,0,0,0,0,0,0,0,50,0,0,0,0,7,0,0,0,0,1,0,0,0,9,12,7,1,0,3
1JSA24,2005-05-25,2005,spring,may,Japan,Artemovka,1,1JSA,Lh,32,28,6,300,M,0,0,0,0,0,0,0,764,0,0,0,0,4,0,0,0,0,2,0,0,0,6,1,0,0,6,0
2JSA01,2005-06-23,2005,summer,jun,Japan,Artemovka,2,2JSA,Lh,35,31,7,390,M,0,0,0,0,0,0,0,0,0,0,0,71,1,0,8,0,0,0,0,0,0,0,1,0,0,0,0
2JSA02,2005-07-03,2005,summer,jul,Japan,Artemovka,2,2JSA,Lh,35,31,6,440,M,0,0,0,0,0,0,0,182,0,0,0,255,0,0,6,0,0,2,8,0,0,32,7,15,0,26,0
2JSA03,2005-07-03,2005,summer,jul,Japan,Artemovka,2,2JSA,Lh,33,29,6,400,F,0,0,0,0,0,0,0,786,0,0,0,347,41,0,0,0,0,4,0,0,0,16,45,5,0,5,1
2JSA04,2005-07-03,2005,summer,jul,Japan,Artemovka,2,2JSA,Lh,32,28,6,290,F,0,0,0,0,0,4,0,300,0,0,0,110,53,0,0,0,0,9,2,0,0,15,7,0,0,0,2
2JSA05,2005-06-23,2005,summer,jun,Japan,Artemovka,2,2JSA,Lh,32,28,6,360,F,0,0,0,0,0,0,0,2,0,0,0,0,2,0,0,0,0,2,34,0,0,0,26,0,44,0,1
2JSA06,2005-06-23,2005,summer,jun,Japan,Artemovka,2,2JSA,Lh,34,30,6,400,M,0,0,0,0,0,0,0,200,0,0,0,18,21,0,232,0,0,4,23,0,0,42,8,0,38,4,0
